Date,Bar Name,Brand Name,Consumed (ml)
2026-01-01,Main Bar,Brand A,2610.4453090551697
2026-01-02,Main Bar,Brand A,3449.2498664361638
2026-01-03,Main Bar,Brand A,3432.932104156161
2026-01-04,Main Bar,Brand A,2761.91087954512
2026-01-05,Main Bar,Brand A,2416.92145494894
2026-01-06,Main Bar,Brand A,3095.3949666298017
2026-01-07,Main Bar,Brand A,2499.917871179113
2026-01-08,Main Bar,Brand A,2354.3054372757847
2026-01-09,Main Bar,Brand A,3594.73318065098
2026-01-10,Main Bar,Brand A,3291.321619266702
2026-01-11,Main Bar,Brand A,2085.722380293428
2026-01-12,Main Bar,Brand A,2437.9365809264123
2026-01-13,Main Bar,Brand A,2287.2645964955746
2026-01-14,Main Bar,Brand A,2695.1558640073767
2026-01-15,Main Bar,Brand A,2214.298333564493
2026-01-16,Main Bar,Brand A,3591.161668768816
2026-01-17,Main Bar,Brand A,3066.3073023384377
2026-01-18,Main Bar,Brand A,2435.946311639784
2026-01-19,Main Bar,Brand A,2751.841348288752
2026-01-20,Main Bar,Brand A,2549.0421900364618
2026-01-21,Main Bar,Brand A,2259.7966619478275
2026-01-22,Main Bar,Brand A,2916.3119632819644
2026-01-23,Main Bar,Brand A,3583.1798499590027
2026-01-24,Main Bar,Brand A,3942.636955406632
2026-01-25,Main Bar,Brand A,2315.383550838074
2026-01-26,Main Bar,Brand A,2488.1204030217864
2026-01-27,Main Bar,Brand A,2564.392473668842
2026-01-28,Main Bar,Brand A,3091.9160093628834
2026-01-29,Main Bar,Brand A,2488.647595018264
2026-01-30,Main Bar,Brand A,3078.1244803796203
2026-01-31,Main Bar,Brand A,3760.2844598106017
2026-02-01,Main Bar,Brand A,2578.373891426583
2026-02-02,Main Bar,Brand A,2428.8385472201
2026-02-03,Main Bar,Brand A,2528.647827185901
2026-02-04,Main Bar,Brand A,1988.75456532781
2026-02-05,Main Bar,Brand A,2771.7982711819877
2026-02-06,Main Bar,Brand A,3557.5624753690363
2026-02-07,Main Bar,Brand A,3462.11536663178
2026-02-08,Main Bar,Brand A,2304.7437554524718
2026-02-09,Main Bar,Brand A,2337.5218668356874
2026-02-10,Main Bar,Brand A,2298.5087545637566
2026-02-11,Main Bar,Brand A,2240.448607287975
2026-02-12,Main Bar,Brand A,2986.3761781230764
2026-02-13,Main Bar,Brand A,3380.170737367765
2026-02-14,Main Bar,Brand A,3539.9861699519165
2026-02-15,Main Bar,Brand A,2339.5086791446884
2026-02-16,Main Bar,Brand A,2328.5528966405814
2026-02-17,Main Bar,Brand A,2774.8437591313595
2026-02-18,Main Bar,Brand A,2452.8668069478613
2026-02-19,Main Bar,Brand A,2467.471530169443
2026-02-20,Main Bar,Brand A,3871.5204565393447
2026-02-21,Main Bar,Brand A,3327.2035704980485
2026-02-22,Main Bar,Brand A,2990.3987149082973
2026-02-23,Main Bar,Brand A,2791.250158733041
2026-02-24,Main Bar,Brand A,3010.6505856187555
2026-02-25,Main Bar,Brand A,2928.9643063850544
2026-02-26,Main Bar,Brand A,2352.8189667673028
2026-02-27,Main Bar,Brand A,3434.5168633334006
2026-02-28,Main Bar,Brand A,2997.959078544159
2026-03-01,Main Bar,Brand A,2812.0764907811063
2026-03-02,Main Bar,Brand A,2489.7340514325774
2026-03-03,Main Bar,Brand A,2333.692707593483
2026-03-04,Main Bar,Brand A,2756.193611397563
2026-03-05,Main Bar,Brand A,2953.523151440525
2026-03-06,Main Bar,Brand A,2992.7626246006225
2026-03-07,Main Bar,Brand A,2805.632692728982
2026-03-08,Main Bar,Brand A,2730.6751345392254
2026-03-09,Main Bar,Brand A,2746.6195175101984
2026-03-10,Main Bar,Brand A,2003.832062041703
2026-03-11,Main Bar,Brand A,2454.7906064750005
2026-03-12,Main Bar,Brand A,2554.321437826605
2026-03-13,Main Bar,Brand A,3627.646445115951
2026-03-14,Main Bar,Brand A,3380.8931242184403
2026-03-15,Main Bar,Brand A,2357.269214954485
2026-03-16,Main Bar,Brand A,2439.504456171804
2026-03-17,Main Bar,Brand A,2495.379692026317
2026-03-18,Main Bar,Brand A,2814.127401571126
2026-03-19,Main Bar,Brand A,2110.354181766432
2026-03-20,Main Bar,Brand A,3707.482249655527
2026-03-21,Main Bar,Brand A,3578.961174881504
2026-03-22,Main Bar,Brand A,2588.893052053073
2026-03-23,Main Bar,Brand A,2324.216647264489
2026-03-24,Main Bar,Brand A,2454.4303343412976
2026-03-25,Main Bar,Brand A,2004.4256332872649
2026-03-26,Main Bar,Brand A,1747.364386809804
2026-03-27,Main Bar,Brand A,3003.406994809467
2026-03-28,Main Bar,Brand A,3591.938068780511
2026-03-29,Main Bar,Brand A,2882.6470647885417
2026-03-30,Main Bar,Brand A,2598.172409357192
2026-03-31,Main Bar,Brand A,2116.639604944344
2026-04-01,Main Bar,Brand A,2084.7724080741973
2026-04-02,Main Bar,Brand A,2583.694495523665
2026-04-03,Main Bar,Brand A,3493.754352213486
2026-04-04,Main Bar,Brand A,3086.9594480733163
2026-04-05,Main Bar,Brand A,2767.6487249012703
2026-04-06,Main Bar,Brand A,2147.6944035144274
2026-04-07,Main Bar,Brand A,2882.753130403213
2026-04-08,Main Bar,Brand A,2452.4423650798376
2026-04-09,Main Bar,Brand A,2592.1583692338218
2026-04-10,Main Bar,Brand A,3077.2977293927
2026-04-11,Main Bar,Brand A,3551.5683463658143
2026-04-12,Main Bar,Brand A,2731.412591336951
2026-04-13,Main Bar,Brand A,2154.134109054648
2026-04-14,Main Bar,Brand A,2367.910124432275
2026-04-15,Main Bar,Brand A,2654.3799814575814
2026-04-16,Main Bar,Brand A,2955.28736668314
2026-04-17,Main Bar,Brand A,3365.360105970124
2026-04-18,Main Bar,Brand A,3957.4088352337153
2026-04-19,Main Bar,Brand A,2573.399145586008
2026-04-20,Main Bar,Brand A,2685.036420035937
2026-04-21,Main Bar,Brand A,2083.321860619182
2026-04-22,Main Bar,Brand A,2103.466198419341
2026-04-23,Main Bar,Brand A,2341.5370464543685
2026-04-24,Main Bar,Brand A,3517.853629293172
2026-04-25,Main Bar,Brand A,3300.552427142794
2026-04-26,Main Bar,Brand A,2612.916387101627
2026-04-27,Main Bar,Brand A,1917.4260127300577
2026-04-28,Main Bar,Brand A,2257.8651778484154
2026-04-29,Main Bar,Brand A,2471.5144654470687
2026-04-30,Main Bar,Brand A,2474.3778362081266
2026-01-01,Main Bar,Brand B,1332.7624794264823
2026-01-02,Main Bar,Brand B,1968.916155594401
2026-01-03,Main Bar,Brand B,2194.099628287013
2026-01-04,Main Bar,Brand B,1487.2115578861444
2026-01-05,Main Bar,Brand B,1440.067166123836
2026-01-06,Main Bar,Brand B,1431.5992574439997
2026-01-07,Main Bar,Brand B,1363.9355895938454
2026-01-08,Main Bar,Brand B,1531.2171663984082
2026-01-09,Main Bar,Brand B,2028.792334840267
2026-01-10,Main Bar,Brand B,1918.5850556740384
2026-01-11,Main Bar,Brand B,1442.7579353222188
2026-01-12,Main Bar,Brand B,1422.8731203443274
2026-01-13,Main Bar,Brand B,1572.557076072387
2026-01-14,Main Bar,Brand B,1446.7419398036425
2026-01-15,Main Bar,Brand B,1570.9677070025505
2026-01-16,Main Bar,Brand B,2002.8862644165297
2026-01-17,Main Bar,Brand B,1862.6794948941688
2026-01-18,Main Bar,Brand B,1610.0524286808652
2026-01-19,Main Bar,Brand B,1225.5380139819931
2026-01-20,Main Bar,Brand B,1412.3991373860465
2026-01-21,Main Bar,Brand B,1522.9669990531852
2026-01-22,Main Bar,Brand B,1309.552963525635
2026-01-23,Main Bar,Brand B,1983.5832592525912
2026-01-24,Main Bar,Brand B,2472.812544697143
2026-01-25,Main Bar,Brand B,1430.2042674119689
2026-01-26,Main Bar,Brand B,1333.438014559173
2026-01-27,Main Bar,Brand B,1648.3073637195969
2026-01-28,Main Bar,Brand B,1366.8636780409956
2026-01-29,Main Bar,Brand B,1488.641045922872
2026-01-30,Main Bar,Brand B,2045.1737151646505
2026-01-31,Main Bar,Brand B,2052.473670212761
2026-02-01,Main Bar,Brand B,1303.9828310516018
2026-02-02,Main Bar,Brand B,1722.9853095897834
2026-02-03,Main Bar,Brand B,1469.502907830176
2026-02-04,Main Bar,Brand B,1487.3999292989013
2026-02-05,Main Bar,Brand B,1288.0827360326275
2026-02-06,Main Bar,Brand B,2226.884104761068
2026-02-07,Main Bar,Brand B,1849.0854607315944
2026-02-08,Main Bar,Brand B,1450.1681955983283
2026-02-09,Main Bar,Brand B,1392.9531553494237
2026-02-10,Main Bar,Brand B,1480.2950415366008
2026-02-11,Main Bar,Brand B,1781.5585104181248
2026-02-12,Main Bar,Brand B,1341.0502957651947
2026-02-13,Main Bar,Brand B,1803.7662538942827
2026-02-14,Main Bar,Brand B,2176.233667579893
2026-02-15,Main Bar,Brand B,1544.373104821036
2026-02-16,Main Bar,Brand B,1321.4638103705863
2026-02-17,Main Bar,Brand B,1565.8895727614404
2026-02-18,Main Bar,Brand B,1478.85583018171
2026-02-19,Main Bar,Brand B,1522.5359377341017
2026-02-20,Main Bar,Brand B,1778.9676208330825
2026-02-21,Main Bar,Brand B,2221.056956773037
2026-02-22,Main Bar,Brand B,1563.4829327631744
2026-02-23,Main Bar,Brand B,1311.1846347940807
2026-02-24,Main Bar,Brand B,1609.0008518176282
2026-02-25,Main Bar,Brand B,1594.4552745000403
2026-02-26,Main Bar,Brand B,1543.673477561994
2026-02-27,Main Bar,Brand B,2082.81688451814
2026-02-28,Main Bar,Brand B,2248.498051496347
2026-03-01,Main Bar,Brand B,1531.328971141398
2026-03-02,Main Bar,Brand B,1554.809442839145
2026-03-03,Main Bar,Brand B,1366.7289973027098
2026-03-04,Main Bar,Brand B,1626.3239304348494
2026-03-05,Main Bar,Brand B,1423.598888770735
2026-03-06,Main Bar,Brand B,1894.3647387560336
2026-03-07,Main Bar,Brand B,2026.7291593208995
2026-03-08,Main Bar,Brand B,1530.7569743619504
2026-03-09,Main Bar,Brand B,1433.5763771329666
2026-03-10,Main Bar,Brand B,1292.750316820337
2026-03-11,Main Bar,Brand B,1525.8552527829288
2026-03-12,Main Bar,Brand B,1364.3658770829156
2026-03-13,Main Bar,Brand B,2286.690093661893
2026-03-14,Main Bar,Brand B,1732.628691167785
2026-03-15,Main Bar,Brand B,1561.7509087484068
2026-03-16,Main Bar,Brand B,1264.6101805720657
2026-03-17,Main Bar,Brand B,1549.4090394712218
2026-03-18,Main Bar,Brand B,1363.0768788882935
2026-03-19,Main Bar,Brand B,1171.6145839853582
2026-03-20,Main Bar,Brand B,1868.1637858507056
2026-03-21,Main Bar,Brand B,1965.3256765140932
2026-03-22,Main Bar,Brand B,1718.5814630305626
2026-03-23,Main Bar,Brand B,1562.127011997378
2026-03-24,Main Bar,Brand B,1565.8186303721563
2026-03-25,Main Bar,Brand B,1261.770510484556
2026-03-26,Main Bar,Brand B,1410.2147007625088
2026-03-27,Main Bar,Brand B,1971.8675554191689
2026-03-28,Main Bar,Brand B,1910.8639239720007
2026-03-29,Main Bar,Brand B,1465.1503380755703
2026-03-30,Main Bar,Brand B,1739.096011380505
2026-03-31,Main Bar,Brand B,1594.4454608135748
2026-04-01,Main Bar,Brand B,1366.1082032472232
2026-04-02,Main Bar,Brand B,1337.668377456875
2026-04-03,Main Bar,Brand B,2335.721435226046
2026-04-04,Main Bar,Brand B,1879.5976191359764
2026-04-05,Main Bar,Brand B,1610.3483768789476
2026-04-06,Main Bar,Brand B,1484.395080066433
2026-04-07,Main Bar,Brand B,1689.6801976692711
2026-04-08,Main Bar,Brand B,1327.7472486574095
2026-04-09,Main Bar,Brand B,1746.3341191659406
2026-04-10,Main Bar,Brand B,1952.167369392109
2026-04-11,Main Bar,Brand B,1928.1539335725183
2026-04-12,Main Bar,Brand B,1564.9035007740476
2026-04-13,Main Bar,Brand B,1564.6262550167178
2026-04-14,Main Bar,Brand B,1721.3839004472857
2026-04-15,Main Bar,Brand B,1411.7814338423027
2026-04-16,Main Bar,Brand B,1892.6951606066923
2026-04-17,Main Bar,Brand B,1844.5614654601916
2026-04-18,Main Bar,Brand B,2045.0758118601807
2026-04-19,Main Bar,Brand B,1434.0876238838014
2026-04-20,Main Bar,Brand B,1544.8264411514317
2026-04-21,Main Bar,Brand B,1492.2601990695182
2026-04-22,Main Bar,Brand B,1570.2024263419817
2026-04-23,Main Bar,Brand B,1289.574487074914
2026-04-24,Main Bar,Brand B,1992.209242903064
2026-04-25,Main Bar,Brand B,1943.509905337731
2026-04-26,Main Bar,Brand B,1456.661205997987
2026-04-27,Main Bar,Brand B,1344.6724026784664
2026-04-28,Main Bar,Brand B,1486.1150915706892
2026-04-29,Main Bar,Brand B,1596.0076117506778
2026-04-30,Main Bar,Brand B,1305.321015839755
2026-01-01,Main Bar,Brand C,744.032486098065
2026-01-02,Main Bar,Brand C,930.2903166596914
2026-01-03,Main Bar,Brand C,965.1606726421472
2026-01-04,Main Bar,Brand C,676.6899098247412
2026-01-05,Main Bar,Brand C,728.326261359841
2026-01-06,Main Bar,Brand C,653.1185235068493
2026-01-07,Main Bar,Brand C,630.6373524702308
2026-01-08,Main Bar,Brand C,698.4013782581325
2026-01-09,Main Bar,Brand C,952.316596705679
2026-01-10,Main Bar,Brand C,911.6897579116788
2026-01-11,Main Bar,Brand C,701.7182206875603
2026-01-12,Main Bar,Brand C,751.774263450515
2026-01-13,Main Bar,Brand C,700.2546529970807
2026-01-14,Main Bar,Brand C,722.8878171041337
2026-01-15,Main Bar,Brand C,656.2030315054039
2026-01-16,Main Bar,Brand C,901.0225215328212
2026-01-17,Main Bar,Brand C,960.2837443240876
2026-01-18,Main Bar,Brand C,622.7795270392888
2026-01-19,Main Bar,Brand C,721.2785023353017
2026-01-20,Main Bar,Brand C,706.7526872175387
2026-01-21,Main Bar,Brand C,705.8397612459671
2026-01-22,Main Bar,Brand C,643.9378896420181
2026-01-23,Main Bar,Brand C,825.6019467958088
2026-01-24,Main Bar,Brand C,961.337479195872
2026-01-25,Main Bar,Brand C,645.9290304676938
2026-01-26,Main Bar,Brand C,569.4228279812863
2026-01-27,Main Bar,Brand C,654.050716905181
2026-01-28,Main Bar,Brand C,750.3712226690168
2026-01-29,Main Bar,Brand C,642.855285929084
2026-01-30,Main Bar,Brand C,1045.1945704615514
2026-01-31,Main Bar,Brand C,901.9132393799712
2026-02-01,Main Bar,Brand C,591.4925376543122
2026-02-02,Main Bar,Brand C,610.2927108928689
2026-02-03,Main Bar,Brand C,714.3053675135233
2026-02-04,Main Bar,Brand C,629.2874205389132
2026-02-05,Main Bar,Brand C,692.205467466798
2026-02-06,Main Bar,Brand C,920.3755910940072
2026-02-07,Main Bar,Brand C,938.015264277207
2026-02-08,Main Bar,Brand C,584.6321758677358
2026-02-09,Main Bar,Brand C,535.3951898588168
2026-02-10,Main Bar,Brand C,563.4435558223225
2026-02-11,Main Bar,Brand C,899.1648361853092
2026-02-12,Main Bar,Brand C,672.3399950921681
2026-02-13,Main Bar,Brand C,914.3514904338242
2026-02-14,Main Bar,Brand C,942.6909115921296
2026-02-15,Main Bar,Brand C,682.9953649142287
2026-02-16,Main Bar,Brand C,775.7622926223983
2026-02-17,Main Bar,Brand C,610.0489907221576
2026-02-18,Main Bar,Brand C,671.8576287691043
2026-02-19,Main Bar,Brand C,711.3115672574712
2026-02-20,Main Bar,Brand C,993.6956169862696
2026-02-21,Main Bar,Brand C,973.451177423115
2026-02-22,Main Bar,Brand C,749.6151487293882
2026-02-23,Main Bar,Brand C,746.3292246540716
2026-02-24,Main Bar,Brand C,576.8131015929666
2026-02-25,Main Bar,Brand C,639.6770091423302
2026-02-26,Main Bar,Brand C,773.1824665996821
2026-02-27,Main Bar,Brand C,1047.8670970788871
2026-02-28,Main Bar,Brand C,958.0216761144476
2026-03-01,Main Bar,Brand C,706.8768642743061
2026-03-02,Main Bar,Brand C,761.9873457775412
2026-03-03,Main Bar,Brand C,704.5660458118459
2026-03-04,Main Bar,Brand C,729.8963880953347
2026-03-05,Main Bar,Brand C,697.7673919926983
2026-03-06,Main Bar,Brand C,963.1538356332236
2026-03-07,Main Bar,Brand C,897.53212557804
2026-03-08,Main Bar,Brand C,728.1646588033057
2026-03-09,Main Bar,Brand C,727.5240424127121
2026-03-10,Main Bar,Brand C,583.2826513841169
2026-03-11,Main Bar,Brand C,768.423659763177
2026-03-12,Main Bar,Brand C,647.203174641691
2026-03-13,Main Bar,Brand C,831.9829308928532
2026-03-14,Main Bar,Brand C,998.337383392931
2026-03-15,Main Bar,Brand C,676.3744074525788
2026-03-16,Main Bar,Brand C,766.8400139931828
2026-03-17,Main Bar,Brand C,830.4729043290936
2026-03-18,Main Bar,Brand C,713.9810668285144
2026-03-19,Main Bar,Brand C,609.5483438647482
2026-03-20,Main Bar,Brand C,956.5350085764692
2026-03-21,Main Bar,Brand C,1008.097310356874
2026-03-22,Main Bar,Brand C,696.5894528284709
2026-03-23,Main Bar,Brand C,628.6893223786248
2026-03-24,Main Bar,Brand C,667.7755400006583
2026-03-25,Main Bar,Brand C,788.1980805466014
2026-03-26,Main Bar,Brand C,864.2698808818129
2026-03-27,Main Bar,Brand C,938.6623780571332
2026-03-28,Main Bar,Brand C,996.1427094055596
2026-03-29,Main Bar,Brand C,791.0751402287921
2026-03-30,Main Bar,Brand C,663.9525256240197
2026-03-31,Main Bar,Brand C,651.2084651315225
2026-04-01,Main Bar,Brand C,707.831944879844
2026-04-02,Main Bar,Brand C,740.8931741447317
2026-04-03,Main Bar,Brand C,925.2292196842194
2026-04-04,Main Bar,Brand C,926.411012521051
2026-04-05,Main Bar,Brand C,678.5053218656147
2026-04-06,Main Bar,Brand C,708.8665784693554
2026-04-07,Main Bar,Brand C,671.8187519301865
2026-04-08,Main Bar,Brand C,741.4365467494074
2026-04-09,Main Bar,Brand C,601.989049497127
2026-04-10,Main Bar,Brand C,894.0176342744105
2026-04-11,Main Bar,Brand C,1023.2601996197692
2026-04-12,Main Bar,Brand C,568.6369931482939
2026-04-13,Main Bar,Brand C,631.9248788898692
2026-04-14,Main Bar,Brand C,658.2730256469786
2026-04-15,Main Bar,Brand C,660.362040800433
2026-04-16,Main Bar,Brand C,660.820612887648
2026-04-17,Main Bar,Brand C,973.2284022583063
2026-04-18,Main Bar,Brand C,907.2125883310676
2026-04-19,Main Bar,Brand C,823.0434009328353
2026-04-20,Main Bar,Brand C,627.4285981537357
2026-04-21,Main Bar,Brand C,625.0255371749391
2026-04-22,Main Bar,Brand C,652.364253875783
2026-04-23,Main Bar,Brand C,750.1781685346323
2026-04-24,Main Bar,Brand C,990.307862438457
2026-04-25,Main Bar,Brand C,988.4377239248872
2026-04-26,Main Bar,Brand C,758.547863026072
2026-04-27,Main Bar,Brand C,624.1087596590933
2026-04-28,Main Bar,Brand C,765.5405007437771
2026-04-29,Main Bar,Brand C,689.0174309907386
2026-04-30,Main Bar,Brand C,577.4295877534544
2026-01-01,Pool Bar,Brand A,1898.3090851272805
2026-01-02,Pool Bar,Brand A,2002.296403120575
2026-01-03,Pool Bar,Brand A,2000.646789798825
2026-01-04,Pool Bar,Brand A,1470.2346002773595
2026-01-05,Pool Bar,Brand A,1746.4772329921166
2026-01-06,Pool Bar,Brand A,1435.1639997425602
2026-01-07,Pool Bar,Brand A,1821.756495985721
2026-01-08,Pool Bar,Brand A,1707.7337895364594
2026-01-09,Pool Bar,Brand A,2394.1600916213747
2026-01-10,Pool Bar,Brand A,2622.1645061658805
2026-01-11,Pool Bar,Brand A,1804.7626954788493
2026-01-12,Pool Bar,Brand A,1599.4956582312536
2026-01-13,Pool Bar,Brand A,1832.2881334738909
2026-01-14,Pool Bar,Brand A,1475.251551558404
2026-01-15,Pool Bar,Brand A,1653.2984473441095
2026-01-16,Pool Bar,Brand A,2206.4543923207107
2026-01-17,Pool Bar,Brand A,1988.453529384944
2026-01-18,Pool Bar,Brand A,1595.7644847229458
2026-01-19,Pool Bar,Brand A,1712.7621990157213
2026-01-20,Pool Bar,Brand A,1655.768966418189
2026-01-21,Pool Bar,Brand A,2008.8255198634752
2026-01-22,Pool Bar,Brand A,1405.3839514689414
2026-01-23,Pool Bar,Brand A,1959.387122561209
2026-01-24,Pool Bar,Brand A,1966.261936311588
2026-01-25,Pool Bar,Brand A,1612.8312059860743
2026-01-26,Pool Bar,Brand A,1521.6147120046408
2026-01-27,Pool Bar,Brand A,1337.1748456659057
2026-01-28,Pool Bar,Brand A,1411.6272249850251
2026-01-29,Pool Bar,Brand A,1767.7630611912691
2026-01-30,Pool Bar,Brand A,2269.737785983388
2026-01-31,Pool Bar,Brand A,2519.5602194558105
2026-02-01,Pool Bar,Brand A,2085.84497410905
2026-02-02,Pool Bar,Brand A,1413.7920669956618
2026-02-03,Pool Bar,Brand A,2021.575211386821
2026-02-04,Pool Bar,Brand A,1328.2333520481625
2026-02-05,Pool Bar,Brand A,1522.1792695999352
2026-02-06,Pool Bar,Brand A,2043.7711505189343
2026-02-07,Pool Bar,Brand A,2287.7522791566707
2026-02-08,Pool Bar,Brand A,1494.0533483136396
2026-02-09,Pool Bar,Brand A,1607.0561969761443
2026-02-10,Pool Bar,Brand A,1262.7000552167783
2026-02-11,Pool Bar,Brand A,1340.70640999011
2026-02-12,Pool Bar,Brand A,1855.2171200803004
2026-02-13,Pool Bar,Brand A,2157.173702637636
2026-02-14,Pool Bar,Brand A,2320.3636918173897
2026-02-15,Pool Bar,Brand A,2202.5964335576773
2026-02-16,Pool Bar,Brand A,1719.3657954388443
2026-02-17,Pool Bar,Brand A,1525.5174508332134
2026-02-18,Pool Bar,Brand A,1690.2765031950516
2026-02-19,Pool Bar,Brand A,1551.8145505311795
2026-02-20,Pool Bar,Brand A,2140.769341095556
2026-02-21,Pool Bar,Brand A,2684.8302638282253
2026-02-22,Pool Bar,Brand A,1571.705268266837
2026-02-23,Pool Bar,Brand A,1599.6681208186378
2026-02-24,Pool Bar,Brand A,1632.324362354875
2026-02-25,Pool Bar,Brand A,1382.3786152597347
2026-02-26,Pool Bar,Brand A,1810.713028667252
2026-02-27,Pool Bar,Brand A,1682.805094923548
2026-02-28,Pool Bar,Brand A,2450.9981722626585
2026-03-01,Pool Bar,Brand A,1721.3706151703757
2026-03-02,Pool Bar,Brand A,1370.5464743577
2026-03-03,Pool Bar,Brand A,1872.9176902881245
2026-03-04,Pool Bar,Brand A,2264.5004184913664
2026-03-05,Pool Bar,Brand A,1995.721380803179
2026-03-06,Pool Bar,Brand A,2365.885590502572
2026-03-07,Pool Bar,Brand A,2348.7778437331854
2026-03-08,Pool Bar,Brand A,1463.966258602351
2026-03-09,Pool Bar,Brand A,1579.81855893434
2026-03-10,Pool Bar,Brand A,1033.9253443600476
2026-03-11,Pool Bar,Brand A,2000.5091389186705
2026-03-12,Pool Bar,Brand A,1259.1383606828358
2026-03-13,Pool Bar,Brand A,2331.2064516206187
2026-03-14,Pool Bar,Brand A,2067.779811818495
2026-03-15,Pool Bar,Brand A,1736.766768602575
2026-03-16,Pool Bar,Brand A,1562.4871225663248
2026-03-17,Pool Bar,Brand A,2198.322859670191
2026-03-18,Pool Bar,Brand A,1643.172208140182
2026-03-19,Pool Bar,Brand A,1528.909724776016
2026-03-20,Pool Bar,Brand A,2120.031345603514
2026-03-21,Pool Bar,Brand A,1926.0283082984051
2026-03-22,Pool Bar,Brand A,1803.3251531670664
2026-03-23,Pool Bar,Brand A,1825.7145023867452
2026-03-24,Pool Bar,Brand A,1896.9844411227996
2026-03-25,Pool Bar,Brand A,1886.328835240525
2026-03-26,Pool Bar,Brand A,1764.809447666403
2026-03-27,Pool Bar,Brand A,2204.7694279192438
2026-03-28,Pool Bar,Brand A,2657.539354172733
2026-03-29,Pool Bar,Brand A,1533.1705720604634
2026-03-30,Pool Bar,Brand A,1401.543766675811
2026-03-31,Pool Bar,Brand A,1953.0225424336609
2026-04-01,Pool Bar,Brand A,1602.684170881265
2026-04-02,Pool Bar,Brand A,1824.943816181768
2026-04-03,Pool Bar,Brand A,2146.430030359672
2026-04-04,Pool Bar,Brand A,2315.753913923397
2026-04-05,Pool Bar,Brand A,1477.630137808516
2026-04-06,Pool Bar,Brand A,1412.480576367233
2026-04-07,Pool Bar,Brand A,1745.9519451895153
2026-04-08,Pool Bar,Brand A,2177.28628411747
2026-04-09,Pool Bar,Brand A,1715.7455362890328
2026-04-10,Pool Bar,Brand A,2442.026739966962
2026-04-11,Pool Bar,Brand A,2061.816890380653
2026-04-12,Pool Bar,Brand A,1792.0410921410582
2026-04-13,Pool Bar,Brand A,1311.3844523312223
2026-04-14,Pool Bar,Brand A,1658.4764259283268
2026-04-15,Pool Bar,Brand A,2009.737656908082
2026-04-16,Pool Bar,Brand A,1138.674757276271
2026-04-17,Pool Bar,Brand A,2365.9699470755268
2026-04-18,Pool Bar,Brand A,2190.0111513964143
2026-04-19,Pool Bar,Brand A,1604.018398275491
2026-04-20,Pool Bar,Brand A,1696.8325742641523
2026-04-21,Pool Bar,Brand A,1559.621992192735
2026-04-22,Pool Bar,Brand A,972.9074937593704
2026-04-23,Pool Bar,Brand A,1742.2285643559535
2026-04-24,Pool Bar,Brand A,2392.5224931295124
2026-04-25,Pool Bar,Brand A,2623.070852238337
2026-04-26,Pool Bar,Brand A,1055.5307952765716
2026-04-27,Pool Bar,Brand A,1596.9083712070287
2026-04-28,Pool Bar,Brand A,1392.346872545665
2026-04-29,Pool Bar,Brand A,1835.2392030956455
2026-04-30,Pool Bar,Brand A,1831.0377453125109
2026-01-01,Pool Bar,Brand B,670.6385105700015
2026-01-02,Pool Bar,Brand B,1453.4360840786012
2026-01-03,Pool Bar,Brand B,1373.7751223168698
2026-01-04,Pool Bar,Brand B,1165.716448833149
2026-01-05,Pool Bar,Brand B,1039.386287408974
2026-01-06,Pool Bar,Brand B,1071.0927899217772
2026-01-07,Pool Bar,Brand B,1090.947650707737
2026-01-08,Pool Bar,Brand B,1110.9428893599177
2026-01-09,Pool Bar,Brand B,1088.933692102516
2026-01-10,Pool Bar,Brand B,1181.1803459518542
2026-01-11,Pool Bar,Brand B,1085.9513464476854
2026-01-12,Pool Bar,Brand B,775.9929335592842
2026-01-13,Pool Bar,Brand B,908.3485871715006
2026-01-14,Pool Bar,Brand B,918.3635999358488
2026-01-15,Pool Bar,Brand B,1049.9964787893218
2026-01-16,Pool Bar,Brand B,1053.025828302547
2026-01-17,Pool Bar,Brand B,1257.2566415698552
2026-01-18,Pool Bar,Brand B,826.7965594339494
2026-01-19,Pool Bar,Brand B,882.3126069113
2026-01-20,Pool Bar,Brand B,1224.8775070460629
2026-01-21,Pool Bar,Brand B,1105.2773543626745
2026-01-22,Pool Bar,Brand B,914.1896707077002
2026-01-23,Pool Bar,Brand B,1365.1581602022304
2026-01-24,Pool Bar,Brand B,983.6507802059158
2026-01-25,Pool Bar,Brand B,1141.2929160028723
2026-01-26,Pool Bar,Brand B,966.609922072342
2026-01-27,Pool Bar,Brand B,824.44178509175
2026-01-28,Pool Bar,Brand B,1120.325390008382
2026-01-29,Pool Bar,Brand B,904.0225770668384
2026-01-30,Pool Bar,Brand B,1297.7424211268583
2026-01-31,Pool Bar,Brand B,1383.1360044000116
2026-02-01,Pool Bar,Brand B,1243.8918524421942
2026-02-02,Pool Bar,Brand B,1075.358979971491
2026-02-03,Pool Bar,Brand B,989.1312454766723
2026-02-04,Pool Bar,Brand B,838.0082307591149
2026-02-05,Pool Bar,Brand B,923.8829972795342
2026-02-06,Pool Bar,Brand B,1281.3280245666422
2026-02-07,Pool Bar,Brand B,1708.9759498552917
2026-02-08,Pool Bar,Brand B,1024.234380560093
2026-02-09,Pool Bar,Brand B,809.2633517499082
2026-02-10,Pool Bar,Brand B,1307.1625494764144
2026-02-11,Pool Bar,Brand B,917.5531627410672
2026-02-12,Pool Bar,Brand B,1042.8235076167923
2026-02-13,Pool Bar,Brand B,1352.468502781696
2026-02-14,Pool Bar,Brand B,1324.5422342221473
2026-02-15,Pool Bar,Brand B,1220.443364786138
2026-02-16,Pool Bar,Brand B,1049.9023709290914
2026-02-17,Pool Bar,Brand B,1016.1398838796172
2026-02-18,Pool Bar,Brand B,1204.5527477869323
2026-02-19,Pool Bar,Brand B,700.9514019333411
2026-02-20,Pool Bar,Brand B,1306.6834020507
2026-02-21,Pool Bar,Brand B,1499.9262546805203
2026-02-22,Pool Bar,Brand B,985.381147274036
2026-02-23,Pool Bar,Brand B,1157.7145465809017
2026-02-24,Pool Bar,Brand B,792.1668779552087
2026-02-25,Pool Bar,Brand B,980.1140064886966
2026-02-26,Pool Bar,Brand B,617.5588366586965
2026-02-27,Pool Bar,Brand B,1224.0378656701876
2026-02-28,Pool Bar,Brand B,1227.1827888026
2026-03-01,Pool Bar,Brand B,840.3181387006564
2026-03-02,Pool Bar,Brand B,955.498591270146
2026-03-03,Pool Bar,Brand B,976.7824646674628
2026-03-04,Pool Bar,Brand B,942.9947765368972
2026-03-05,Pool Bar,Brand B,725.0475115948077
2026-03-06,Pool Bar,Brand B,1359.3487719752543
2026-03-07,Pool Bar,Brand B,1425.754765690518
2026-03-08,Pool Bar,Brand B,946.9806194422924
2026-03-09,Pool Bar,Brand B,956.6634218968117
2026-03-10,Pool Bar,Brand B,869.1907473357924
2026-03-11,Pool Bar,Brand B,964.2144821827222
2026-03-12,Pool Bar,Brand B,836.4511188175502
2026-03-13,Pool Bar,Brand B,1153.9251454914247
2026-03-14,Pool Bar,Brand B,1232.9615628137255
2026-03-15,Pool Bar,Brand B,1031.4598092128997
2026-03-16,Pool Bar,Brand B,1148.8764213540708
2026-03-17,Pool Bar,Brand B,985.8234570807136
2026-03-18,Pool Bar,Brand B,1023.9696809873784
2026-03-19,Pool Bar,Brand B,929.2621124827932
2026-03-20,Pool Bar,Brand B,1271.889241265745
2026-03-21,Pool Bar,Brand B,1317.238893728514
2026-03-22,Pool Bar,Brand B,966.14182167474
2026-03-23,Pool Bar,Brand B,1144.304772693562
2026-03-24,Pool Bar,Brand B,689.3006508624408
2026-03-25,Pool Bar,Brand B,862.7610836075727
2026-03-26,Pool Bar,Brand B,887.7067233762797
2026-03-27,Pool Bar,Brand B,1439.6157549836526
2026-03-28,Pool Bar,Brand B,1164.9066749343797
2026-03-29,Pool Bar,Brand B,1201.987109898231
2026-03-30,Pool Bar,Brand B,905.0239835475768
2026-03-31,Pool Bar,Brand B,601.4953924355264
2026-04-01,Pool Bar,Brand B,935.4730992441096
2026-04-02,Pool Bar,Brand B,1035.0659182743518
2026-04-03,Pool Bar,Brand B,1198.699697464249
2026-04-04,Pool Bar,Brand B,1324.2281611341373
2026-04-05,Pool Bar,Brand B,1060.554755649449
2026-04-06,Pool Bar,Brand B,1004.6155692826412
2026-04-07,Pool Bar,Brand B,599.0521733352195
2026-04-08,Pool Bar,Brand B,791.4481037690289
2026-04-09,Pool Bar,Brand B,1259.122620726845
2026-04-10,Pool Bar,Brand B,1353.9489162920509
2026-04-11,Pool Bar,Brand B,1216.9380158360511
2026-04-12,Pool Bar,Brand B,813.6479439387938
2026-04-13,Pool Bar,Brand B,1086.3559412912543
2026-04-14,Pool Bar,Brand B,1016.9504978378618
2026-04-15,Pool Bar,Brand B,812.6685758080605
2026-04-16,Pool Bar,Brand B,926.5644997134328
2026-04-17,Pool Bar,Brand B,1083.122723308188
2026-04-18,Pool Bar,Brand B,1412.2300556470957
2026-04-19,Pool Bar,Brand B,1235.190467334645
2026-04-20,Pool Bar,Brand B,1164.1529385457295
2026-04-21,Pool Bar,Brand B,962.2723079291212
2026-04-22,Pool Bar,Brand B,1097.435669710869
2026-04-23,Pool Bar,Brand B,1346.6859560987157
2026-04-24,Pool Bar,Brand B,1511.5191013361705
2026-04-25,Pool Bar,Brand B,1244.6708830687091
2026-04-26,Pool Bar,Brand B,846.0340126809645
2026-04-27,Pool Bar,Brand B,1148.622679099001
2026-04-28,Pool Bar,Brand B,832.950318108254
2026-04-29,Pool Bar,Brand B,813.52781420966
2026-04-30,Pool Bar,Brand B,920.2514283739954
2026-01-01,Pool Bar,Brand C,356.2430755059131
2026-01-02,Pool Bar,Brand C,663.5010193508842
2026-01-03,Pool Bar,Brand C,538.4604527403121
2026-01-04,Pool Bar,Brand C,438.8738772910463
2026-01-05,Pool Bar,Brand C,481.0191122165676
2026-01-06,Pool Bar,Brand C,531.2860050759042
2026-01-07,Pool Bar,Brand C,489.10710731797406
2026-01-08,Pool Bar,Brand C,466.0988795117771
2026-01-09,Pool Bar,Brand C,584.4836724222743
2026-01-10,Pool Bar,Brand C,677.2160415305866
2026-01-11,Pool Bar,Brand C,507.1210009343946
2026-01-12,Pool Bar,Brand C,368.4033205917494
2026-01-13,Pool Bar,Brand C,461.4148577575234
2026-01-14,Pool Bar,Brand C,422.51487163212033
2026-01-15,Pool Bar,Brand C,482.150244674156
2026-01-16,Pool Bar,Brand C,503.3079019855377
2026-01-17,Pool Bar,Brand C,701.0444374405968
2026-01-18,Pool Bar,Brand C,425.5896185351595
2026-01-19,Pool Bar,Brand C,345.88383448403124
2026-01-20,Pool Bar,Brand C,432.76639482194224
2026-01-21,Pool Bar,Brand C,475.6947162587647
2026-01-22,Pool Bar,Brand C,350.8785973759458
2026-01-23,Pool Bar,Brand C,667.8451128883954
2026-01-24,Pool Bar,Brand C,626.7752252887561
2026-01-25,Pool Bar,Brand C,461.3074968560648
2026-01-26,Pool Bar,Brand C,577.2909537777516
2026-01-27,Pool Bar,Brand C,397.7837233534258
2026-01-28,Pool Bar,Brand C,477.71646955962217
2026-01-29,Pool Bar,Brand C,361.7563850087581
2026-01-30,Pool Bar,Brand C,628.0794820513831
2026-01-31,Pool Bar,Brand C,718.0744314237114
2026-02-01,Pool Bar,Brand C,437.0746166436528
2026-02-02,Pool Bar,Brand C,421.5884311541096
2026-02-03,Pool Bar,Brand C,496.3635931159338
2026-02-04,Pool Bar,Brand C,425.94311226954153
2026-02-05,Pool Bar,Brand C,522.1985634219315
2026-02-06,Pool Bar,Brand C,624.959768971528
2026-02-07,Pool Bar,Brand C,742.6328120122803
2026-02-08,Pool Bar,Brand C,536.8214607039529
2026-02-09,Pool Bar,Brand C,411.8803612296427
2026-02-10,Pool Bar,Brand C,357.3055741482698
2026-02-11,Pool Bar,Brand C,474.5919996677167
2026-02-12,Pool Bar,Brand C,422.91676287143287
2026-02-13,Pool Bar,Brand C,567.5164402450308
2026-02-14,Pool Bar,Brand C,607.5060763025818
2026-02-15,Pool Bar,Brand C,477.78095178406807
2026-02-16,Pool Bar,Brand C,324.3898089378581
2026-02-17,Pool Bar,Brand C,453.7776094816496
2026-02-18,Pool Bar,Brand C,265.20059225294654
2026-02-19,Pool Bar,Brand C,473.6156748274159
2026-02-20,Pool Bar,Brand C,531.6913072293157
2026-02-21,Pool Bar,Brand C,639.1142408829295
2026-02-22,Pool Bar,Brand C,399.7854847223801
2026-02-23,Pool Bar,Brand C,504.0625671886507
2026-02-24,Pool Bar,Brand C,412.6838513496282
2026-02-25,Pool Bar,Brand C,362.4076692445588
2026-02-26,Pool Bar,Brand C,471.9144044901787
2026-02-27,Pool Bar,Brand C,650.0452552411216
2026-02-28,Pool Bar,Brand C,666.0909856775671
2026-03-01,Pool Bar,Brand C,439.3779350226946
2026-03-02,Pool Bar,Brand C,556.6647994314461
2026-03-03,Pool Bar,Brand C,545.6851625114632
2026-03-04,Pool Bar,Brand C,305.746394971211
2026-03-05,Pool Bar,Brand C,359.88140058435795
2026-03-06,Pool Bar,Brand C,505.7808563597496
2026-03-07,Pool Bar,Brand C,617.4533831082251
2026-03-08,Pool Bar,Brand C,464.16787895930094
2026-03-09,Pool Bar,Brand C,509.7253710257333
2026-03-10,Pool Bar,Brand C,503.9592407803973
2026-03-11,Pool Bar,Brand C,547.4581840489966
2026-03-12,Pool Bar,Brand C,424.2227984586411
2026-03-13,Pool Bar,Brand C,641.6781903693505
2026-03-14,Pool Bar,Brand C,530.4778263871424
2026-03-15,Pool Bar,Brand C,545.087639198028
2026-03-16,Pool Bar,Brand C,477.6031521491379
2026-03-17,Pool Bar,Brand C,461.53372271882944
2026-03-18,Pool Bar,Brand C,389.9974459716428
2026-03-19,Pool Bar,Brand C,589.4806436949252
2026-03-20,Pool Bar,Brand C,620.8434467579075
2026-03-21,Pool Bar,Brand C,794.5325083148999
2026-03-22,Pool Bar,Brand C,437.73065415617725
2026-03-23,Pool Bar,Brand C,476.3902613210806
2026-03-24,Pool Bar,Brand C,425.8362694954575
2026-03-25,Pool Bar,Brand C,341.81975116505544
2026-03-26,Pool Bar,Brand C,483.48577508402207
2026-03-27,Pool Bar,Brand C,632.3144562889958
2026-03-28,Pool Bar,Brand C,543.5859127885517
2026-03-29,Pool Bar,Brand C,459.46697880999255
2026-03-30,Pool Bar,Brand C,482.568044446306
2026-03-31,Pool Bar,Brand C,393.3672641924999
2026-04-01,Pool Bar,Brand C,438.5386892606357
2026-04-02,Pool Bar,Brand C,490.0704078780909
2026-04-03,Pool Bar,Brand C,533.1770877183958
2026-04-04,Pool Bar,Brand C,552.3814600250606
2026-04-05,Pool Bar,Brand C,463.53409829899954
2026-04-06,Pool Bar,Brand C,345.2527810614392
2026-04-07,Pool Bar,Brand C,366.742968460896
2026-04-08,Pool Bar,Brand C,389.70263490586615
2026-04-09,Pool Bar,Brand C,331.0733413310928
2026-04-10,Pool Bar,Brand C,479.7027317057668
2026-04-11,Pool Bar,Brand C,646.4614759779263
2026-04-12,Pool Bar,Brand C,466.939880034355
2026-04-13,Pool Bar,Brand C,467.3984055607261
2026-04-14,Pool Bar,Brand C,405.3840527427398
2026-04-15,Pool Bar,Brand C,276.2798161730767
2026-04-16,Pool Bar,Brand C,429.39194761147183
2026-04-17,Pool Bar,Brand C,657.8421646820319
2026-04-18,Pool Bar,Brand C,482.8916444034803
2026-04-19,Pool Bar,Brand C,370.53066975969546
2026-04-20,Pool Bar,Brand C,426.6869972913648
2026-04-21,Pool Bar,Brand C,327.1930404468828
2026-04-22,Pool Bar,Brand C,469.6106223797453
2026-04-23,Pool Bar,Brand C,480.2535791081955
2026-04-24,Pool Bar,Brand C,569.9647498581155
2026-04-25,Pool Bar,Brand C,576.9162915988975
2026-04-26,Pool Bar,Brand C,393.6660239547759
2026-04-27,Pool Bar,Brand C,432.35563311426944
2026-04-28,Pool Bar,Brand C,490.21552506774407
2026-04-29,Pool Bar,Brand C,449.1299051432448
2026-04-30,Pool Bar,Brand C,376.3958197213923
