Date Time Served,Bar Name,Brand Name,Opening Balance,Purchase,Consumed,Closing Balance
2026-01-01 18:00:00,Main Bar,Brand A,5000.0,0.0,2610.4453090551697,2389.5546909448303
2026-01-01 18:00:00,Main Bar,Brand B,5000.0,0.0,1332.7624794264825,3667.2375205735175
2026-01-01 18:00:00,Main Bar,Brand C,5000.0,0.0,744.032486098065,4255.967513901935
2026-01-01 18:00:00,Pool Bar,Brand A,5000.0,0.0,1898.3090851272805,3101.6909148727195
2026-01-01 18:00:00,Pool Bar,Brand B,5000.0,0.0,670.6385105700015,4329.361489429999
2026-01-01 18:00:00,Pool Bar,Brand C,5000.0,0.0,356.2430755059131,4643.756924494087
2026-01-02 18:00:00,Main Bar,Brand A,2389.5546909448303,4000.0,3449.2498664361633,2940.304824508667
2026-01-02 18:00:00,Main Bar,Brand B,3667.2375205735175,0.0,1968.916155594401,1698.3213649791164
2026-01-02 18:00:00,Main Bar,Brand C,4255.967513901935,0.0,930.2903166596914,3325.677197242243
2026-01-02 18:00:00,Pool Bar,Brand A,3101.6909148727195,0.0,2002.296403120575,1099.3945117521446
2026-01-02 18:00:00,Pool Bar,Brand B,4329.361489429999,0.0,1453.4360840786012,2875.925405351398
2026-01-02 18:00:00,Pool Bar,Brand C,4643.756924494087,0.0,663.5010193508842,3980.2559051432027
2026-01-03 18:00:00,Main Bar,Brand A,2940.304824508667,4000.0,3432.932104156161,3507.3727203525054
2026-01-03 18:00:00,Main Bar,Brand B,1698.3213649791164,4000.0,2194.099628287013,3504.221736692103
2026-01-03 18:00:00,Main Bar,Brand C,3325.677197242243,0.0,965.1606726421473,2360.5165246000956
2026-01-03 18:00:00,Pool Bar,Brand A,1099.3945117521446,4000.0,2000.646789798825,3098.7477219533193
2026-01-03 18:00:00,Pool Bar,Brand B,2875.925405351398,0.0,1373.7751223168698,1502.150283034528
2026-01-03 18:00:00,Pool Bar,Brand C,3980.2559051432027,0.0,538.4604527403121,3441.7954524028905
2026-01-04 18:00:00,Main Bar,Brand A,3507.3727203525054,4000.0,2761.9108795451198,4745.461840807386
2026-01-04 18:00:00,Main Bar,Brand B,3504.221736692103,0.0,1487.2115578861444,2017.0101788059587
2026-01-04 18:00:00,Main Bar,Brand C,2360.5165246000956,0.0,676.6899098247412,1683.8266147753543
2026-01-04 18:00:00,Pool Bar,Brand A,3098.7477219533193,0.0,1470.2346002773595,1628.5131216759598
2026-01-04 18:00:00,Pool Bar,Brand B,1502.150283034528,4000.0,1165.7164488331487,4336.43383420138
2026-01-04 18:00:00,Pool Bar,Brand C,3441.7954524028905,0.0,438.87387729104626,3002.9215751118445
2026-01-05 18:00:00,Main Bar,Brand A,4745.461840807386,0.0,2416.9214549489398,2328.540385858446
2026-01-05 18:00:00,Main Bar,Brand B,2017.0101788059587,4000.0,1440.067166123836,4576.943012682123
2026-01-05 18:00:00,Main Bar,Brand C,1683.8266147753543,4000.0,728.326261359841,4955.500353415514
2026-01-05 18:00:00,Pool Bar,Brand A,1628.5131216759598,4000.0,1746.4772329921166,3882.0358886838435
2026-01-05 18:00:00,Pool Bar,Brand B,4336.43383420138,0.0,1039.386287408974,3297.0475467924057
2026-01-05 18:00:00,Pool Bar,Brand C,3002.9215751118445,0.0,481.0191122165676,2521.902462895277
2026-01-06 18:00:00,Main Bar,Brand A,2328.540385858446,4000.0,3095.3949666298017,3233.145419228644
2026-01-06 18:00:00,Main Bar,Brand B,4576.943012682123,0.0,1431.5992574439997,3145.343755238123
2026-01-06 18:00:00,Main Bar,Brand C,4955.500353415514,0.0,653.1185235068493,4302.381829908664
2026-01-06 18:00:00,Pool Bar,Brand A,3882.0358886838435,0.0,1435.1639997425602,2446.871888941283
2026-01-06 18:00:00,Pool Bar,Brand B,3297.0475467924057,0.0,1071.0927899217772,2225.9547568706284
2026-01-06 18:00:00,Pool Bar,Brand C,2521.902462895277,0.0,531.2860050759042,1990.616457819373
2026-01-07 18:00:00,Main Bar,Brand A,3233.145419228644,4000.0,2499.917871179113,4733.227548049531
2026-01-07 18:00:00,Main Bar,Brand B,3145.343755238123,0.0,1363.9355895938454,1781.4081656442775
2026-01-07 18:00:00,Main Bar,Brand C,4302.381829908664,0.0,630.6373524702308,3671.7444774384335
2026-01-07 18:00:00,Pool Bar,Brand A,2446.871888941283,4000.0,1821.7564959857211,4625.115392955562
2026-01-07 18:00:00,Pool Bar,Brand B,2225.9547568706284,0.0,1090.947650707737,1135.0071061628914
2026-01-07 18:00:00,Pool Bar,Brand C,1990.616457819373,0.0,489.10710731797406,1501.5093505013988
2026-01-08 18:00:00,Main Bar,Brand A,4733.227548049531,0.0,2354.3054372757847,2378.922110773746
2026-01-08 18:00:00,Main Bar,Brand B,1781.4081656442775,4000.0,1531.2171663984082,4250.1909992458695
2026-01-08 18:00:00,Main Bar,Brand C,3671.7444774384335,0.0,698.4013782581325,2973.343099180301
2026-01-08 18:00:00,Pool Bar,Brand A,4625.115392955562,0.0,1707.7337895364594,2917.3816034191027
2026-01-08 18:00:00,Pool Bar,Brand B,1135.0071061628914,4000.0,1110.9428893599177,4024.0642168029735
2026-01-08 18:00:00,Pool Bar,Brand C,1501.5093505013988,0.0,466.0988795117771,1035.4104709896217
2026-01-09 18:00:00,Main Bar,Brand A,2378.922110773746,4000.0,3594.73318065098,2784.1889301227666
2026-01-09 18:00:00,Main Bar,Brand B,4250.1909992458695,0.0,2028.792334840267,2221.3986644056026
2026-01-09 18:00:00,Main Bar,Brand C,2973.343099180301,0.0,952.316596705679,2021.0265024746222
2026-01-09 18:00:00,Pool Bar,Brand A,2917.3816034191027,4000.0,2394.1600916213747,4523.2215117977275
2026-01-09 18:00:00,Pool Bar,Brand B,4024.0642168029735,0.0,1088.933692102516,2935.1305247004575
2026-01-09 18:00:00,Pool Bar,Brand C,1035.4104709896217,4000.0,584.4836724222743,4450.926798567348
2026-01-10 18:00:00,Main Bar,Brand A,2784.1889301227666,4000.0,3291.321619266702,3492.8673108560647
2026-01-10 18:00:00,Main Bar,Brand B,2221.3986644056026,4000.0,1918.5850556740384,4302.813608731563
2026-01-10 18:00:00,Main Bar,Brand C,2021.0265024746222,0.0,911.6897579116788,1109.3367445629433
2026-01-10 18:00:00,Pool Bar,Brand A,4523.2215117977275,0.0,2622.1645061658805,1901.057005631847
2026-01-10 18:00:00,Pool Bar,Brand B,2935.1305247004575,0.0,1181.1803459518542,1753.9501787486033
2026-01-10 18:00:00,Pool Bar,Brand C,4450.926798567348,0.0,677.2160415305866,3773.710757036761
2026-01-11 18:00:00,Main Bar,Brand A,3492.8673108560647,0.0,2085.7223802934277,1407.144930562637
2026-01-11 18:00:00,Main Bar,Brand B,4302.813608731563,0.0,1442.7579353222188,2860.0556734093443
2026-01-11 18:00:00,Main Bar,Brand C,1109.3367445629433,4000.0,701.7182206875603,4407.618523875382
2026-01-11 18:00:00,Pool Bar,Brand A,1901.057005631847,4000.0,1804.7626954788493,4096.294310152997
2026-01-11 18:00:00,Pool Bar,Brand B,1753.9501787486033,4000.0,1085.9513464476854,4667.998832300918
2026-01-11 18:00:00,Pool Bar,Brand C,3773.710757036761,0.0,507.1210009343946,3266.5897561023667
2026-01-12 18:00:00,Main Bar,Brand A,1407.144930562637,4000.0,2437.9365809264123,2969.208349636225
2026-01-12 18:00:00,Main Bar,Brand B,2860.0556734093443,0.0,1422.8731203443274,1437.182553065017
2026-01-12 18:00:00,Main Bar,Brand C,4407.618523875382,0.0,751.774263450515,3655.8442604248676
2026-01-12 18:00:00,Pool Bar,Brand A,4096.294310152997,0.0,1599.4956582312536,2496.798651921744
2026-01-12 18:00:00,Pool Bar,Brand B,4667.998832300918,0.0,775.9929335592842,3892.005898741634
2026-01-12 18:00:00,Pool Bar,Brand C,3266.5897561023667,0.0,368.4033205917494,2898.1864355106172
2026-01-13 18:00:00,Main Bar,Brand A,2969.208349636225,4000.0,2287.2645964955746,4681.94375314065
2026-01-13 18:00:00,Main Bar,Brand B,1437.182553065017,4000.0,1572.557076072387,3864.62547699263
2026-01-13 18:00:00,Main Bar,Brand C,3655.8442604248676,0.0,700.2546529970807,2955.589607427787
2026-01-13 18:00:00,Pool Bar,Brand A,2496.798651921744,4000.0,1832.2881334738909,4664.5105184478525
2026-01-13 18:00:00,Pool Bar,Brand B,3892.005898741634,0.0,908.3485871715006,2983.6573115701335
2026-01-13 18:00:00,Pool Bar,Brand C,2898.1864355106172,0.0,461.4148577575234,2436.771577753094
2026-01-14 18:00:00,Main Bar,Brand A,4681.94375314065,0.0,2695.1558640073767,1986.7878891332734
2026-01-14 18:00:00,Main Bar,Brand B,3864.62547699263,0.0,1446.7419398036425,2417.8835371889872
2026-01-14 18:00:00,Main Bar,Brand C,2955.589607427787,0.0,722.8878171041337,2232.7017903236533
2026-01-14 18:00:00,Pool Bar,Brand A,4664.5105184478525,0.0,1475.2515515584041,3189.2589668894484
2026-01-14 18:00:00,Pool Bar,Brand B,2983.6573115701335,0.0,918.3635999358488,2065.2937116342846
2026-01-14 18:00:00,Pool Bar,Brand C,2436.771577753094,0.0,422.51487163212033,2014.2567061209736
2026-01-15 18:00:00,Main Bar,Brand A,1986.7878891332734,4000.0,2214.2983335644935,3772.4895555687795
2026-01-15 18:00:00,Main Bar,Brand B,2417.8835371889872,4000.0,1570.9677070025505,4846.915830186437
2026-01-15 18:00:00,Main Bar,Brand C,2232.7017903236533,0.0,656.2030315054039,1576.4987588182494
2026-01-15 18:00:00,Pool Bar,Brand A,3189.2589668894484,0.0,1653.2984473441095,1535.960519545339
2026-01-15 18:00:00,Pool Bar,Brand B,2065.2937116342846,0.0,1049.9964787893218,1015.2972328449628
2026-01-15 18:00:00,Pool Bar,Brand C,2014.2567061209736,0.0,482.15024467415594,1532.1064614468178
2026-01-16 18:00:00,Main Bar,Brand A,3772.4895555687795,4000.0,3591.1616687688156,4181.327886799964
2026-01-16 18:00:00,Main Bar,Brand B,4846.915830186437,0.0,2002.8862644165297,2844.0295657699075
2026-01-16 18:00:00,Main Bar,Brand C,1576.4987588182494,4000.0,901.0225215328211,4675.476237285428
2026-01-16 18:00:00,Pool Bar,Brand A,1535.960519545339,4000.0,2206.4543923207107,3329.506127224628
2026-01-16 18:00:00,Pool Bar,Brand B,1015.2972328449628,4000.0,1053.0258283025473,3962.271404542416
2026-01-16 18:00:00,Pool Bar,Brand C,1532.1064614468178,0.0,503.3079019855377,1028.79855946128
2026-01-17 18:00:00,Main Bar,Brand A,4181.327886799964,0.0,3066.3073023384377,1115.0205844615266
2026-01-17 18:00:00,Main Bar,Brand B,2844.0295657699075,4000.0,1862.6794948941686,4981.350070875739
2026-01-17 18:00:00,Main Bar,Brand C,4675.476237285428,0.0,960.2837443240876,3715.1924929613406
2026-01-17 18:00:00,Pool Bar,Brand A,3329.506127224628,0.0,1988.453529384944,1341.052597839684
2026-01-17 18:00:00,Pool Bar,Brand B,3962.271404542416,0.0,1257.2566415698552,2705.0147629725607
2026-01-17 18:00:00,Pool Bar,Brand C,1028.79855946128,4000.0,701.0444374405968,4327.754122020683
2026-01-18 18:00:00,Main Bar,Brand A,1115.0205844615266,4000.0,2435.9463116397837,2679.074272821743
2026-01-18 18:00:00,Main Bar,Brand B,4981.350070875739,0.0,1610.0524286808652,3371.2976421948742
2026-01-18 18:00:00,Main Bar,Brand C,3715.1924929613406,0.0,622.7795270392888,3092.4129659220516
2026-01-18 18:00:00,Pool Bar,Brand A,1341.052597839684,4000.0,1595.7644847229458,3745.288113116738
2026-01-18 18:00:00,Pool Bar,Brand B,2705.0147629725607,0.0,826.7965594339494,1878.2182035386113
2026-01-18 18:00:00,Pool Bar,Brand C,4327.754122020683,0.0,425.5896185351595,3902.1645034855237
2026-01-19 18:00:00,Main Bar,Brand A,2679.074272821743,4000.0,2751.841348288752,3927.2329245329906
2026-01-19 18:00:00,Main Bar,Brand B,3371.2976421948742,0.0,1225.5380139819933,2145.7596282128807
2026-01-19 18:00:00,Main Bar,Brand C,3092.4129659220516,0.0,721.2785023353017,2371.13446358675
2026-01-19 18:00:00,Pool Bar,Brand A,3745.288113116738,0.0,1712.7621990157213,2032.5259141010165
2026-01-19 18:00:00,Pool Bar,Brand B,1878.2182035386113,4000.0,882.3126069113,4995.905596627312
2026-01-19 18:00:00,Pool Bar,Brand C,3902.1645034855237,0.0,345.88383448403124,3556.2806690014922
2026-01-20 18:00:00,Main Bar,Brand A,3927.2329245329906,0.0,2549.0421900364618,1378.1907344965289
2026-01-20 18:00:00,Main Bar,Brand B,2145.7596282128807,4000.0,1412.3991373860465,4733.360490826834
2026-01-20 18:00:00,Main Bar,Brand C,2371.13446358675,0.0,706.7526872175387,1664.3817763692114
2026-01-20 18:00:00,Pool Bar,Brand A,2032.5259141010165,4000.0,1655.768966418189,4376.756947682828
2026-01-20 18:00:00,Pool Bar,Brand B,4995.905596627312,0.0,1224.8775070460629,3771.028089581249
2026-01-20 18:00:00,Pool Bar,Brand C,3556.2806690014922,0.0,432.76639482194224,3123.51427417955
2026-01-21 18:00:00,Main Bar,Brand A,1378.1907344965289,4000.0,2259.7966619478275,3118.394072548702
2026-01-21 18:00:00,Main Bar,Brand B,4733.360490826834,0.0,1522.9669990531852,3210.393491773649
2026-01-21 18:00:00,Main Bar,Brand C,1664.3817763692114,4000.0,705.8397612459671,4958.542015123245
2026-01-21 18:00:00,Pool Bar,Brand A,4376.756947682828,0.0,2008.8255198634752,2367.9314278193524
2026-01-21 18:00:00,Pool Bar,Brand B,3771.028089581249,0.0,1105.2773543626743,2665.750735218575
2026-01-21 18:00:00,Pool Bar,Brand C,3123.51427417955,0.0,475.6947162587647,2647.819557920785
2026-01-22 18:00:00,Main Bar,Brand A,3118.394072548702,4000.0,2916.3119632819644,4202.0821092667375
2026-01-22 18:00:00,Main Bar,Brand B,3210.393491773649,0.0,1309.552963525635,1900.8405282480142
2026-01-22 18:00:00,Main Bar,Brand C,4958.542015123245,0.0,643.9378896420181,4314.604125481226
2026-01-22 18:00:00,Pool Bar,Brand A,2367.9314278193524,4000.0,1405.3839514689414,4962.547476350411
2026-01-22 18:00:00,Pool Bar,Brand B,2665.750735218575,0.0,914.1896707077002,1751.5610645108745
2026-01-22 18:00:00,Pool Bar,Brand C,2647.819557920785,0.0,350.8785973759458,2296.940960544839
2026-01-23 18:00:00,Main Bar,Brand A,4202.0821092667375,4000.0,3583.1798499590027,4618.902259307735
2026-01-23 18:00:00,Main Bar,Brand B,1900.8405282480142,4000.0,1983.5832592525912,3917.257268995423
2026-01-23 18:00:00,Main Bar,Brand C,4314.604125481226,0.0,825.6019467958088,3489.0021786854177
2026-01-23 18:00:00,Pool Bar,Brand A,4962.547476350411,0.0,1959.387122561209,3003.1603537892015
2026-01-23 18:00:00,Pool Bar,Brand B,1751.5610645108745,4000.0,1365.1581602022304,4386.402904308644
2026-01-23 18:00:00,Pool Bar,Brand C,2296.940960544839,0.0,667.8451128883954,1629.0958476564438
2026-01-24 18:00:00,Main Bar,Brand A,4618.902259307735,4000.0,3942.6369554066314,4676.265303901104
2026-01-24 18:00:00,Main Bar,Brand B,3917.257268995423,0.0,2472.812544697143,1444.44472429828
2026-01-24 18:00:00,Main Bar,Brand C,3489.0021786854177,0.0,961.3374791958719,2527.664699489546
2026-01-24 18:00:00,Pool Bar,Brand A,3003.1603537892015,0.0,1966.2619363115878,1036.8984174776137
2026-01-24 18:00:00,Pool Bar,Brand B,4386.402904308644,0.0,983.6507802059158,3402.752124102728
2026-01-24 18:00:00,Pool Bar,Brand C,1629.0958476564438,0.0,626.7752252887561,1002.3206223676876
2026-01-25 18:00:00,Main Bar,Brand A,4676.265303901104,0.0,2315.383550838074,2360.88175306303
2026-01-25 18:00:00,Main Bar,Brand B,1444.44472429828,4000.0,1430.2042674119689,4014.2404568863117
2026-01-25 18:00:00,Main Bar,Brand C,2527.664699489546,0.0,645.9290304676938,1881.7356690218521
2026-01-25 18:00:00,Pool Bar,Brand A,1036.8984174776137,4000.0,1612.8312059860743,3424.0672114915396
2026-01-25 18:00:00,Pool Bar,Brand B,3402.752124102728,0.0,1141.2929160028725,2261.4592080998555
2026-01-25 18:00:00,Pool Bar,Brand C,1002.3206223676876,4000.0,461.3074968560648,4541.013125511623
2026-01-26 18:00:00,Main Bar,Brand A,2360.88175306303,4000.0,2488.1204030217864,3872.761350041243
2026-01-26 18:00:00,Main Bar,Brand B,4014.2404568863117,0.0,1333.438014559173,2680.8024423271386
2026-01-26 18:00:00,Main Bar,Brand C,1881.7356690218521,0.0,569.4228279812863,1312.3128410405657
2026-01-26 18:00:00,Pool Bar,Brand A,3424.0672114915396,0.0,1521.6147120046408,1902.452499486899
2026-01-26 18:00:00,Pool Bar,Brand B,2261.4592080998555,0.0,966.609922072342,1294.8492860275135
2026-01-26 18:00:00,Pool Bar,Brand C,4541.013125511623,0.0,577.2909537777516,3963.7221717338716
2026-01-27 18:00:00,Main Bar,Brand A,3872.761350041243,0.0,2564.392473668842,1308.3688763724012
2026-01-27 18:00:00,Main Bar,Brand B,2680.8024423271386,0.0,1648.3073637195967,1032.495078607542
2026-01-27 18:00:00,Main Bar,Brand C,1312.3128410405657,4000.0,654.050716905181,4658.262124135385
2026-01-27 18:00:00,Pool Bar,Brand A,1902.452499486899,4000.0,1337.1748456659057,4565.277653820993
2026-01-27 18:00:00,Pool Bar,Brand B,1294.8492860275135,4000.0,824.44178509175,4470.407500935764
2026-01-27 18:00:00,Pool Bar,Brand C,3963.7221717338716,0.0,397.7837233534258,3565.938448380446
2026-01-28 18:00:00,Main Bar,Brand A,1308.3688763724012,4000.0,3091.9160093628834,2216.452867009518
2026-01-28 18:00:00,Main Bar,Brand B,1032.495078607542,4000.0,1366.8636780409956,3665.6314005665467
2026-01-28 18:00:00,Main Bar,Brand C,4658.262124135385,0.0,750.3712226690168,3907.8909014663686
2026-01-28 18:00:00,Pool Bar,Brand A,4565.277653820993,0.0,1411.6272249850251,3153.6504288359674
2026-01-28 18:00:00,Pool Bar,Brand B,4470.407500935764,0.0,1120.325390008382,3350.082110927382
2026-01-28 18:00:00,Pool Bar,Brand C,3565.938448380446,0.0,477.71646955962217,3088.221978820824
2026-01-29 18:00:00,Main Bar,Brand A,2216.452867009518,4000.0,2488.647595018264,3727.805271991254
2026-01-29 18:00:00,Main Bar,Brand B,3665.6314005665467,0.0,1488.641045922872,2176.9903546436744
2026-01-29 18:00:00,Main Bar,Brand C,3907.8909014663686,0.0,642.855285929084,3265.0356155372847
2026-01-29 18:00:00,Pool Bar,Brand A,3153.6504288359674,0.0,1767.7630611912693,1385.887367644698
2026-01-29 18:00:00,Pool Bar,Brand B,3350.082110927382,0.0,904.0225770668383,2446.0595338605435
2026-01-29 18:00:00,Pool Bar,Brand C,3088.221978820824,0.0,361.7563850087581,2726.465593812066
2026-01-30 18:00:00,Main Bar,Brand A,3727.805271991254,4000.0,3078.1244803796203,4649.680791611634
2026-01-30 18:00:00,Main Bar,Brand B,2176.9903546436744,4000.0,2045.1737151646505,4131.816639479024
2026-01-30 18:00:00,Main Bar,Brand C,3265.0356155372847,0.0,1045.1945704615514,2219.8410450757333
2026-01-30 18:00:00,Pool Bar,Brand A,1385.887367644698,4000.0,2269.7377859833878,3116.1495816613105
2026-01-30 18:00:00,Pool Bar,Brand B,2446.0595338605435,0.0,1297.7424211268583,1148.3171127336852
2026-01-30 18:00:00,Pool Bar,Brand C,2726.465593812066,0.0,628.0794820513831,2098.386111760683
2026-01-31 18:00:00,Main Bar,Brand A,4649.680791611634,4000.0,3760.2844598106017,4889.396331801032
2026-01-31 18:00:00,Main Bar,Brand B,4131.816639479024,0.0,2052.473670212761,2079.342969266263
2026-01-31 18:00:00,Main Bar,Brand C,2219.8410450757333,0.0,901.9132393799711,1317.9278056957623
2026-01-31 18:00:00,Pool Bar,Brand A,3116.1495816613105,4000.0,2519.5602194558105,4596.5893622055
2026-01-31 18:00:00,Pool Bar,Brand B,1148.3171127336852,4000.0,1383.1360044000116,3765.181108333674
2026-01-31 18:00:00,Pool Bar,Brand C,2098.386111760683,0.0,718.0744314237114,1380.3116803369717
2026-02-01 18:00:00,Main Bar,Brand A,4889.396331801032,0.0,2578.373891426583,2311.0224403744487
2026-02-01 18:00:00,Main Bar,Brand B,2079.342969266263,4000.0,1303.9828310516018,4775.360138214661
2026-02-01 18:00:00,Main Bar,Brand C,1317.9278056957623,4000.0,591.4925376543122,4726.43526804145
2026-02-01 18:00:00,Pool Bar,Brand A,4596.5893622055,0.0,2085.84497410905,2510.74438809645
2026-02-01 18:00:00,Pool Bar,Brand B,3765.181108333674,0.0,1243.8918524421942,2521.2892558914796
2026-02-01 18:00:00,Pool Bar,Brand C,1380.3116803369717,4000.0,437.07461664365275,4943.237063693319
2026-02-02 18:00:00,Main Bar,Brand A,2311.0224403744487,4000.0,2428.8385472200994,3882.1838931543493
2026-02-02 18:00:00,Main Bar,Brand B,4775.360138214661,0.0,1722.9853095897834,3052.3748286248774
2026-02-02 18:00:00,Main Bar,Brand C,4726.43526804145,0.0,610.2927108928689,4116.142557148582
2026-02-02 18:00:00,Pool Bar,Brand A,2510.74438809645,0.0,1413.7920669956618,1096.9523211007884
2026-02-02 18:00:00,Pool Bar,Brand B,2521.2892558914796,0.0,1075.358979971491,1445.9302759199886
2026-02-02 18:00:00,Pool Bar,Brand C,4943.237063693319,0.0,421.58843115410957,4521.64863253921
2026-02-03 18:00:00,Main Bar,Brand A,3882.1838931543493,0.0,2528.647827185901,1353.5360659684484
2026-02-03 18:00:00,Main Bar,Brand B,3052.3748286248774,0.0,1469.502907830176,1582.8719207947015
2026-02-03 18:00:00,Main Bar,Brand C,4116.142557148582,0.0,714.3053675135233,3401.837189635058
2026-02-03 18:00:00,Pool Bar,Brand A,1096.9523211007884,4000.0,2021.5752113868211,3075.377109713967
2026-02-03 18:00:00,Pool Bar,Brand B,1445.9302759199886,4000.0,989.1312454766723,4456.799030443317
2026-02-03 18:00:00,Pool Bar,Brand C,4521.64863253921,0.0,496.3635931159338,4025.285039423276
2026-02-04 18:00:00,Main Bar,Brand A,1353.5360659684484,4000.0,1988.75456532781,3364.781500640638
2026-02-04 18:00:00,Main Bar,Brand B,1582.8719207947015,4000.0,1487.3999292989013,4095.4719914958005
2026-02-04 18:00:00,Main Bar,Brand C,3401.837189635058,0.0,629.2874205389132,2772.5497690961447
2026-02-04 18:00:00,Pool Bar,Brand A,3075.377109713967,0.0,1328.2333520481623,1747.1437576658047
2026-02-04 18:00:00,Pool Bar,Brand B,4456.799030443317,0.0,838.0082307591149,3618.7907996842023
2026-02-04 18:00:00,Pool Bar,Brand C,4025.285039423276,0.0,425.94311226954153,3599.3419271537346
2026-02-05 18:00:00,Main Bar,Brand A,3364.781500640638,4000.0,2771.7982711819873,4592.98322945865
2026-02-05 18:00:00,Main Bar,Brand B,4095.4719914958005,0.0,1288.0827360326277,2807.389255463173
2026-02-05 18:00:00,Main Bar,Brand C,2772.5497690961447,0.0,692.205467466798,2080.344301629347
2026-02-05 18:00:00,Pool Bar,Brand A,1747.1437576658047,4000.0,1522.1792695999352,4224.964488065869
2026-02-05 18:00:00,Pool Bar,Brand B,3618.7907996842023,0.0,923.8829972795342,2694.907802404668
2026-02-05 18:00:00,Pool Bar,Brand C,3599.3419271537346,0.0,522.1985634219315,3077.143363731803
2026-02-06 18:00:00,Main Bar,Brand A,4592.98322945865,0.0,3557.5624753690363,1035.420754089614
2026-02-06 18:00:00,Main Bar,Brand B,2807.389255463173,4000.0,2226.8841047610676,4580.505150702105
2026-02-06 18:00:00,Main Bar,Brand C,2080.344301629347,0.0,920.3755910940073,1159.9687105353396
2026-02-06 18:00:00,Pool Bar,Brand A,4224.964488065869,0.0,2043.7711505189345,2181.1933375469343
2026-02-06 18:00:00,Pool Bar,Brand B,2694.907802404668,0.0,1281.3280245666422,1413.5797778380258
2026-02-06 18:00:00,Pool Bar,Brand C,3077.143363731803,0.0,624.959768971528,2452.1835947602754
2026-02-07 18:00:00,Main Bar,Brand A,1035.420754089614,4000.0,3462.1153666317796,1573.3053874578345
2026-02-07 18:00:00,Main Bar,Brand B,4580.505150702105,0.0,1849.0854607315946,2731.4196899705107
2026-02-07 18:00:00,Main Bar,Brand C,1159.9687105353396,4000.0,938.015264277207,4221.953446258132
2026-02-07 18:00:00,Pool Bar,Brand A,2181.1933375469343,4000.0,2287.7522791566707,3893.4410583902636
2026-02-07 18:00:00,Pool Bar,Brand B,1413.5797778380258,4000.0,1708.9759498552917,3704.603827982734
2026-02-07 18:00:00,Pool Bar,Brand C,2452.1835947602754,0.0,742.6328120122803,1709.550782747995
2026-02-08 18:00:00,Main Bar,Brand A,1573.3053874578345,4000.0,2304.7437554524713,3268.561632005363
2026-02-08 18:00:00,Main Bar,Brand B,2731.4196899705107,0.0,1450.1681955983283,1281.2514943721824
2026-02-08 18:00:00,Main Bar,Brand C,4221.953446258132,0.0,584.6321758677358,3637.3212703903964
2026-02-08 18:00:00,Pool Bar,Brand A,3893.4410583902636,0.0,1494.0533483136396,2399.387710076624
2026-02-08 18:00:00,Pool Bar,Brand B,3704.603827982734,0.0,1024.234380560093,2680.369447422641
2026-02-08 18:00:00,Pool Bar,Brand C,1709.550782747995,0.0,536.8214607039529,1172.7293220440422
2026-02-09 18:00:00,Main Bar,Brand A,3268.561632005363,4000.0,2337.5218668356874,4931.039765169676
2026-02-09 18:00:00,Main Bar,Brand B,1281.2514943721824,4000.0,1392.9531553494235,3888.298339022759
2026-02-09 18:00:00,Main Bar,Brand C,3637.3212703903964,0.0,535.3951898588168,3101.92608053158
2026-02-09 18:00:00,Pool Bar,Brand A,2399.387710076624,4000.0,1607.0561969761443,4792.33151310048
2026-02-09 18:00:00,Pool Bar,Brand B,2680.369447422641,0.0,809.2633517499082,1871.1060956727326
2026-02-09 18:00:00,Pool Bar,Brand C,1172.7293220440422,4000.0,411.8803612296427,4760.8489608144
2026-02-10 18:00:00,Main Bar,Brand A,4931.039765169676,0.0,2298.5087545637566,2632.531010605919
2026-02-10 18:00:00,Main Bar,Brand B,3888.298339022759,0.0,1480.2950415366008,2408.0032974861583
2026-02-10 18:00:00,Main Bar,Brand C,3101.92608053158,0.0,563.4435558223225,2538.482524709257
2026-02-10 18:00:00,Pool Bar,Brand A,4792.33151310048,0.0,1262.7000552167785,3529.631457883702
2026-02-10 18:00:00,Pool Bar,Brand B,1871.1060956727326,4000.0,1307.1625494764144,4563.9435461963185
2026-02-10 18:00:00,Pool Bar,Brand C,4760.8489608144,0.0,357.3055741482698,4403.543386666131
2026-02-11 18:00:00,Main Bar,Brand A,2632.531010605919,4000.0,2240.448607287975,4392.082403317943
2026-02-11 18:00:00,Main Bar,Brand B,2408.0032974861583,4000.0,1781.5585104181248,4626.444787068034
2026-02-11 18:00:00,Main Bar,Brand C,2538.482524709257,0.0,899.1648361853092,1639.317688523948
2026-02-11 18:00:00,Pool Bar,Brand A,3529.631457883702,0.0,1340.70640999011,2188.925047893592
2026-02-11 18:00:00,Pool Bar,Brand B,4563.9435461963185,0.0,917.5531627410672,3646.390383455251
2026-02-11 18:00:00,Pool Bar,Brand C,4403.543386666131,0.0,474.59199966771666,3928.951386998414
2026-02-12 18:00:00,Main Bar,Brand A,4392.082403317943,0.0,2986.3761781230764,1405.7062251948669
2026-02-12 18:00:00,Main Bar,Brand B,4626.444787068034,0.0,1341.0502957651947,3285.3944913028395
2026-02-12 18:00:00,Main Bar,Brand C,1639.317688523948,4000.0,672.3399950921681,4966.97769343178
2026-02-12 18:00:00,Pool Bar,Brand A,2188.925047893592,4000.0,1855.2171200803004,4333.7079278132915
2026-02-12 18:00:00,Pool Bar,Brand B,3646.390383455251,0.0,1042.8235076167925,2603.5668758384586
2026-02-12 18:00:00,Pool Bar,Brand C,3928.951386998414,0.0,422.91676287143287,3506.034624126981
2026-02-13 18:00:00,Main Bar,Brand A,1405.7062251948669,4000.0,3380.170737367765,2025.5354878271014
2026-02-13 18:00:00,Main Bar,Brand B,3285.3944913028395,0.0,1803.7662538942827,1481.6282374085567
2026-02-13 18:00:00,Main Bar,Brand C,4966.97769343178,0.0,914.3514904338242,4052.6262029979553
2026-02-13 18:00:00,Pool Bar,Brand A,4333.7079278132915,0.0,2157.173702637636,2176.5342251756556
2026-02-13 18:00:00,Pool Bar,Brand B,2603.5668758384586,0.0,1352.4685027816959,1251.0983730567627
2026-02-13 18:00:00,Pool Bar,Brand C,3506.034624126981,0.0,567.5164402450308,2938.51818388195
2026-02-14 18:00:00,Main Bar,Brand A,2025.5354878271014,4000.0,3539.9861699519165,2485.5493178751844
2026-02-14 18:00:00,Main Bar,Brand B,1481.6282374085567,4000.0,2176.233667579893,3305.394569828664
2026-02-14 18:00:00,Main Bar,Brand C,4052.6262029979553,0.0,942.6909115921296,3109.9352914058254
2026-02-14 18:00:00,Pool Bar,Brand A,2176.5342251756556,4000.0,2320.3636918173897,3856.170533358266
2026-02-14 18:00:00,Pool Bar,Brand B,1251.0983730567627,4000.0,1324.5422342221473,3926.556138834615
2026-02-14 18:00:00,Pool Bar,Brand C,2938.51818388195,0.0,607.5060763025818,2331.012107579368
2026-02-15 18:00:00,Main Bar,Brand A,2485.5493178751844,4000.0,2339.5086791446884,4146.040638730496
2026-02-15 18:00:00,Main Bar,Brand B,3305.394569828664,0.0,1544.373104821036,1761.021465007628
2026-02-15 18:00:00,Main Bar,Brand C,3109.9352914058254,0.0,682.9953649142287,2426.9399264915965
2026-02-15 18:00:00,Pool Bar,Brand A,3856.170533358266,0.0,2202.5964335576773,1653.5740998005886
2026-02-15 18:00:00,Pool Bar,Brand B,3926.556138834615,0.0,1220.4433647861379,2706.112774048477
2026-02-15 18:00:00,Pool Bar,Brand C,2331.012107579368,0.0,477.78095178406807,1853.2311557953
2026-02-16 18:00:00,Main Bar,Brand A,4146.040638730496,0.0,2328.5528966405814,1817.4877420899143
2026-02-16 18:00:00,Main Bar,Brand B,1761.021465007628,4000.0,1321.4638103705865,4439.557654637041
2026-02-16 18:00:00,Main Bar,Brand C,2426.9399264915965,0.0,775.7622926223983,1651.1776338691982
2026-02-16 18:00:00,Pool Bar,Brand A,1653.5740998005886,4000.0,1719.3657954388445,3934.208304361744
2026-02-16 18:00:00,Pool Bar,Brand B,2706.112774048477,0.0,1049.9023709290914,1656.2104031193858
2026-02-16 18:00:00,Pool Bar,Brand C,1853.2311557953,0.0,324.3898089378581,1528.841346857442
2026-02-17 18:00:00,Main Bar,Brand A,1817.4877420899143,4000.0,2774.8437591313595,3042.6439829585543
2026-02-17 18:00:00,Main Bar,Brand B,4439.557654637041,0.0,1565.8895727614404,2873.668081875601
2026-02-17 18:00:00,Main Bar,Brand C,1651.1776338691982,0.0,610.0489907221576,1041.1286431470407
2026-02-17 18:00:00,Pool Bar,Brand A,3934.208304361744,0.0,1525.5174508332134,2408.6908535285306
2026-02-17 18:00:00,Pool Bar,Brand B,1656.2104031193858,4000.0,1016.1398838796171,4640.070519239769
2026-02-17 18:00:00,Pool Bar,Brand C,1528.841346857442,0.0,453.77760948164956,1075.0637373757925
2026-02-18 18:00:00,Main Bar,Brand A,3042.6439829585543,4000.0,2452.8668069478613,4589.777176010693
2026-02-18 18:00:00,Main Bar,Brand B,2873.668081875601,0.0,1478.85583018171,1394.8122516938909
2026-02-18 18:00:00,Main Bar,Brand C,1041.1286431470407,4000.0,671.8576287691043,4369.271014377937
2026-02-18 18:00:00,Pool Bar,Brand A,2408.6908535285306,4000.0,1690.2765031950516,4718.41435033348
2026-02-18 18:00:00,Pool Bar,Brand B,4640.070519239769,0.0,1204.5527477869325,3435.5177714528363
2026-02-18 18:00:00,Pool Bar,Brand C,1075.0637373757925,4000.0,265.20059225294654,4809.863145122847
2026-02-19 18:00:00,Main Bar,Brand A,4589.777176010693,0.0,2467.471530169443,2122.30564584125
2026-02-19 18:00:00,Main Bar,Brand B,1394.8122516938909,4000.0,1522.5359377341015,3872.2763139597896
2026-02-19 18:00:00,Main Bar,Brand C,4369.271014377937,0.0,711.3115672574712,3657.9594471204655
2026-02-19 18:00:00,Pool Bar,Brand A,4718.41435033348,0.0,1551.8145505311795,3166.5997998023004
2026-02-19 18:00:00,Pool Bar,Brand B,3435.5177714528363,0.0,700.9514019333411,2734.5663695194953
2026-02-19 18:00:00,Pool Bar,Brand C,4809.863145122847,0.0,473.6156748274159,4336.2474702954305
2026-02-20 18:00:00,Main Bar,Brand A,2122.30564584125,4000.0,3871.5204565393447,2250.7851893019056
2026-02-20 18:00:00,Main Bar,Brand B,3872.2763139597896,0.0,1778.9676208330823,2093.308693126707
2026-02-20 18:00:00,Main Bar,Brand C,3657.9594471204655,0.0,993.6956169862697,2664.263830134196
2026-02-20 18:00:00,Pool Bar,Brand A,3166.5997998023004,0.0,2140.7693410955562,1025.8304587067441
2026-02-20 18:00:00,Pool Bar,Brand B,2734.5663695194953,0.0,1306.6834020507,1427.8829674687954
2026-02-20 18:00:00,Pool Bar,Brand C,4336.2474702954305,0.0,531.6913072293157,3804.556163066115
2026-02-21 18:00:00,Main Bar,Brand A,2250.7851893019056,4000.0,3327.2035704980485,2923.5816188038566
2026-02-21 18:00:00,Main Bar,Brand B,2093.308693126707,4000.0,2221.056956773037,3872.25173635367
2026-02-21 18:00:00,Main Bar,Brand C,2664.263830134196,0.0,973.451177423115,1690.8126527110808
2026-02-21 18:00:00,Pool Bar,Brand A,1025.8304587067441,4000.0,2684.8302638282253,2341.000194878519
2026-02-21 18:00:00,Pool Bar,Brand B,1427.8829674687954,4000.0,1499.9262546805203,3927.9567127882747
2026-02-21 18:00:00,Pool Bar,Brand C,3804.556163066115,0.0,639.1142408829295,3165.4419221831854
2026-02-22 18:00:00,Main Bar,Brand A,2923.5816188038566,4000.0,2990.3987149082973,3933.18290389556
2026-02-22 18:00:00,Main Bar,Brand B,3872.25173635367,0.0,1563.4829327631744,2308.7688035904957
2026-02-22 18:00:00,Main Bar,Brand C,1690.8126527110808,4000.0,749.6151487293882,4941.1975039816925
2026-02-22 18:00:00,Pool Bar,Brand A,2341.000194878519,4000.0,1571.705268266837,4769.294926611682
2026-02-22 18:00:00,Pool Bar,Brand B,3927.9567127882747,0.0,985.3811472740359,2942.575565514239
2026-02-22 18:00:00,Pool Bar,Brand C,3165.4419221831854,0.0,399.7854847223801,2765.656437460805
2026-02-23 18:00:00,Main Bar,Brand A,3933.18290389556,0.0,2791.250158733041,1141.9327451625186
2026-02-23 18:00:00,Main Bar,Brand B,2308.7688035904957,4000.0,1311.1846347940807,4997.584168796415
2026-02-23 18:00:00,Main Bar,Brand C,4941.1975039816925,0.0,746.3292246540716,4194.868279327621
2026-02-23 18:00:00,Pool Bar,Brand A,4769.294926611682,0.0,1599.6681208186378,3169.6268057930442
2026-02-23 18:00:00,Pool Bar,Brand B,2942.575565514239,0.0,1157.7145465809017,1784.8610189333372
2026-02-23 18:00:00,Pool Bar,Brand C,2765.656437460805,0.0,504.0625671886507,2261.5938702721546
2026-02-24 18:00:00,Main Bar,Brand A,1141.9327451625186,4000.0,3010.6505856187555,2131.282159543763
2026-02-24 18:00:00,Main Bar,Brand B,4997.584168796415,0.0,1609.0008518176282,3388.5833169787866
2026-02-24 18:00:00,Main Bar,Brand C,4194.868279327621,0.0,576.8131015929666,3618.0551777346545
2026-02-24 18:00:00,Pool Bar,Brand A,3169.6268057930442,0.0,1632.324362354875,1537.3024434381693
2026-02-24 18:00:00,Pool Bar,Brand B,1784.8610189333372,4000.0,792.1668779552087,4992.694140978128
2026-02-24 18:00:00,Pool Bar,Brand C,2261.5938702721546,0.0,412.68385134962824,1848.9100189225264
2026-02-25 18:00:00,Main Bar,Brand A,2131.282159543763,4000.0,2928.9643063850544,3202.317853158709
2026-02-25 18:00:00,Main Bar,Brand B,3388.5833169787866,0.0,1594.4552745000403,1794.1280424787462
2026-02-25 18:00:00,Main Bar,Brand C,3618.0551777346545,0.0,639.6770091423302,2978.378168592324
2026-02-25 18:00:00,Pool Bar,Brand A,1537.3024434381693,4000.0,1382.3786152597347,4154.923828178435
2026-02-25 18:00:00,Pool Bar,Brand B,4992.694140978128,0.0,980.1140064886966,4012.5801344894317
2026-02-25 18:00:00,Pool Bar,Brand C,1848.9100189225264,0.0,362.4076692445588,1486.5023496779677
2026-02-26 18:00:00,Main Bar,Brand A,3202.317853158709,4000.0,2352.8189667673028,4849.498886391406
2026-02-26 18:00:00,Main Bar,Brand B,1794.1280424787462,4000.0,1543.6734775619939,4250.454564916752
2026-02-26 18:00:00,Main Bar,Brand C,2978.378168592324,0.0,773.1824665996821,2205.195701992642
2026-02-26 18:00:00,Pool Bar,Brand A,4154.923828178435,0.0,1810.713028667252,2344.210799511183
2026-02-26 18:00:00,Pool Bar,Brand B,4012.5801344894317,0.0,617.5588366586965,3395.0212978307354
2026-02-26 18:00:00,Pool Bar,Brand C,1486.5023496779677,0.0,471.9144044901787,1014.587945187789
2026-02-27 18:00:00,Main Bar,Brand A,4849.498886391406,0.0,3434.5168633334006,1414.9820230580053
2026-02-27 18:00:00,Main Bar,Brand B,4250.454564916752,0.0,2082.81688451814,2167.6376803986122
2026-02-27 18:00:00,Main Bar,Brand C,2205.195701992642,0.0,1047.8670970788871,1157.328604913755
2026-02-27 18:00:00,Pool Bar,Brand A,2344.210799511183,4000.0,1682.805094923548,4661.405704587634
2026-02-27 18:00:00,Pool Bar,Brand B,3395.0212978307354,0.0,1224.0378656701876,2170.9834321605476
2026-02-27 18:00:00,Pool Bar,Brand C,1014.587945187789,4000.0,650.0452552411216,4364.542689946667
2026-02-28 18:00:00,Main Bar,Brand A,1414.9820230580053,4000.0,2997.959078544159,2417.022944513846
2026-02-28 18:00:00,Main Bar,Brand B,2167.6376803986122,4000.0,2248.498051496347,3919.139628902265
2026-02-28 18:00:00,Main Bar,Brand C,1157.328604913755,4000.0,958.0216761144475,4199.306928799308
2026-02-28 18:00:00,Pool Bar,Brand A,4661.405704587634,0.0,2450.9981722626585,2210.407532324976
2026-02-28 18:00:00,Pool Bar,Brand B,2170.9834321605476,4000.0,1227.1827888026,4943.800643357948
2026-02-28 18:00:00,Pool Bar,Brand C,4364.542689946667,0.0,666.0909856775671,3698.4517042691004
2026-03-01 18:00:00,Main Bar,Brand A,2417.022944513846,4000.0,2812.0764907811063,3604.9464537327403
2026-03-01 18:00:00,Main Bar,Brand B,3919.139628902265,0.0,1531.3289711413981,2387.810657760867
2026-03-01 18:00:00,Main Bar,Brand C,4199.306928799308,0.0,706.8768642743061,3492.4300645250014
2026-03-01 18:00:00,Pool Bar,Brand A,2210.407532324976,4000.0,1721.3706151703757,4489.036917154601
2026-03-01 18:00:00,Pool Bar,Brand B,4943.800643357948,0.0,840.3181387006564,4103.482504657291
2026-03-01 18:00:00,Pool Bar,Brand C,3698.4517042691004,0.0,439.3779350226946,3259.073769246406
2026-03-02 18:00:00,Main Bar,Brand A,3604.9464537327403,0.0,2489.7340514325774,1115.212402300163
2026-03-02 18:00:00,Main Bar,Brand B,2387.810657760867,4000.0,1554.809442839145,4833.001214921722
2026-03-02 18:00:00,Main Bar,Brand C,3492.4300645250014,0.0,761.9873457775412,2730.4427187474603
2026-03-02 18:00:00,Pool Bar,Brand A,4489.036917154601,0.0,1370.5464743577,3118.490442796901
2026-03-02 18:00:00,Pool Bar,Brand B,4103.482504657291,0.0,955.4985912701459,3147.9839133871455
2026-03-02 18:00:00,Pool Bar,Brand C,3259.073769246406,0.0,556.6647994314461,2702.4089698149596
2026-03-03 18:00:00,Main Bar,Brand A,1115.212402300163,4000.0,2333.692707593483,2781.51969470668
2026-03-03 18:00:00,Main Bar,Brand B,4833.001214921722,0.0,1366.7289973027098,3466.272217619012
2026-03-03 18:00:00,Main Bar,Brand C,2730.4427187474603,0.0,704.5660458118459,2025.8766729356144
2026-03-03 18:00:00,Pool Bar,Brand A,3118.490442796901,0.0,1872.9176902881245,1245.5727525087764
2026-03-03 18:00:00,Pool Bar,Brand B,3147.9839133871455,0.0,976.7824646674628,2171.201448719683
2026-03-03 18:00:00,Pool Bar,Brand C,2702.4089698149596,0.0,545.6851625114632,2156.7238073034964
2026-03-04 18:00:00,Main Bar,Brand A,2781.51969470668,4000.0,2756.193611397563,4025.3260833091167
2026-03-04 18:00:00,Main Bar,Brand B,3466.272217619012,0.0,1626.3239304348494,1839.9482871841624
2026-03-04 18:00:00,Main Bar,Brand C,2025.8766729356144,0.0,729.8963880953347,1295.9802848402796
2026-03-04 18:00:00,Pool Bar,Brand A,1245.5727525087764,4000.0,2264.5004184913664,2981.0723340174104
2026-03-04 18:00:00,Pool Bar,Brand B,2171.201448719683,0.0,942.9947765368971,1228.206672182786
2026-03-04 18:00:00,Pool Bar,Brand C,2156.7238073034964,0.0,305.746394971211,1850.9774123322854
2026-03-05 18:00:00,Main Bar,Brand A,4025.3260833091167,0.0,2953.523151440525,1071.8029318685917
2026-03-05 18:00:00,Main Bar,Brand B,1839.9482871841624,4000.0,1423.598888770735,4416.3493984134275
2026-03-05 18:00:00,Main Bar,Brand C,1295.9802848402796,4000.0,697.7673919926983,4598.212892847581
2026-03-05 18:00:00,Pool Bar,Brand A,2981.0723340174104,4000.0,1995.721380803179,4985.350953214231
2026-03-05 18:00:00,Pool Bar,Brand B,1228.206672182786,4000.0,725.0475115948077,4503.1591605879785
2026-03-05 18:00:00,Pool Bar,Brand C,1850.9774123322854,0.0,359.88140058435795,1491.0960117479276
2026-03-06 18:00:00,Main Bar,Brand A,1071.8029318685917,4000.0,2992.7626246006225,2079.0403072679687
2026-03-06 18:00:00,Main Bar,Brand B,4416.3493984134275,0.0,1894.3647387560336,2521.984659657394
2026-03-06 18:00:00,Main Bar,Brand C,4598.212892847581,0.0,963.1538356332237,3635.0590572143574
2026-03-06 18:00:00,Pool Bar,Brand A,4985.350953214231,0.0,2365.8855905025716,2619.465362711659
2026-03-06 18:00:00,Pool Bar,Brand B,4503.1591605879785,0.0,1359.3487719752543,3143.810388612724
2026-03-06 18:00:00,Pool Bar,Brand C,1491.0960117479276,4000.0,505.78085635974963,4985.315155388178
2026-03-07 18:00:00,Main Bar,Brand A,2079.0403072679687,4000.0,2805.632692728982,3273.407614538987
2026-03-07 18:00:00,Main Bar,Brand B,2521.984659657394,4000.0,2026.7291593208995,4495.255500336494
2026-03-07 18:00:00,Main Bar,Brand C,3635.0590572143574,0.0,897.53212557804,2737.5269316363174
2026-03-07 18:00:00,Pool Bar,Brand A,2619.465362711659,4000.0,2348.7778437331854,4270.687518978473
2026-03-07 18:00:00,Pool Bar,Brand B,3143.810388612724,0.0,1425.754765690518,1718.055622922206
2026-03-07 18:00:00,Pool Bar,Brand C,4985.315155388178,0.0,617.4533831082251,4367.861772279953
2026-03-08 18:00:00,Main Bar,Brand A,3273.407614538987,4000.0,2730.6751345392254,4542.732479999762
2026-03-08 18:00:00,Main Bar,Brand B,4495.255500336494,0.0,1530.7569743619504,2964.4985259745436
2026-03-08 18:00:00,Main Bar,Brand C,2737.5269316363174,0.0,728.1646588033057,2009.3622728330117
2026-03-08 18:00:00,Pool Bar,Brand A,4270.687518978473,0.0,1463.966258602351,2806.7212603761222
2026-03-08 18:00:00,Pool Bar,Brand B,1718.055622922206,4000.0,946.9806194422924,4771.075003479913
2026-03-08 18:00:00,Pool Bar,Brand C,4367.861772279953,0.0,464.16787895930094,3903.6938933206516
2026-03-09 18:00:00,Main Bar,Brand A,4542.732479999762,0.0,2746.6195175101984,1796.1129624895639
2026-03-09 18:00:00,Main Bar,Brand B,2964.4985259745436,0.0,1433.5763771329666,1530.922148841577
2026-03-09 18:00:00,Main Bar,Brand C,2009.3622728330117,0.0,727.5240424127121,1281.8382304202996
2026-03-09 18:00:00,Pool Bar,Brand A,2806.7212603761222,0.0,1579.81855893434,1226.9027014417823
2026-03-09 18:00:00,Pool Bar,Brand B,4771.075003479913,0.0,956.6634218968117,3814.4115815831015
2026-03-09 18:00:00,Pool Bar,Brand C,3903.6938933206516,0.0,509.72537102573324,3393.9685222949183
2026-03-10 18:00:00,Main Bar,Brand A,1796.1129624895639,4000.0,2003.832062041703,3792.280900447861
2026-03-10 18:00:00,Main Bar,Brand B,1530.922148841577,4000.0,1292.750316820337,4238.17183202124
2026-03-10 18:00:00,Main Bar,Brand C,1281.8382304202996,4000.0,583.2826513841169,4698.555579036183
2026-03-10 18:00:00,Pool Bar,Brand A,1226.9027014417823,4000.0,1033.9253443600476,4192.977357081735
2026-03-10 18:00:00,Pool Bar,Brand B,3814.4115815831015,0.0,869.1907473357924,2945.220834247309
2026-03-10 18:00:00,Pool Bar,Brand C,3393.9685222949183,0.0,503.9592407803973,2890.009281514521
2026-03-11 18:00:00,Main Bar,Brand A,3792.280900447861,0.0,2454.7906064750005,1337.4902939728604
2026-03-11 18:00:00,Main Bar,Brand B,4238.17183202124,0.0,1525.8552527829288,2712.3165792383115
2026-03-11 18:00:00,Main Bar,Brand C,4698.555579036183,0.0,768.423659763177,3930.131919273006
2026-03-11 18:00:00,Pool Bar,Brand A,4192.977357081735,0.0,2000.5091389186705,2192.4682181630646
2026-03-11 18:00:00,Pool Bar,Brand B,2945.220834247309,0.0,964.2144821827222,1981.0063520645867
2026-03-11 18:00:00,Pool Bar,Brand C,2890.009281514521,0.0,547.4581840489966,2342.5510974655244
2026-03-12 18:00:00,Main Bar,Brand A,1337.4902939728604,4000.0,2554.321437826605,2783.168856146255
2026-03-12 18:00:00,Main Bar,Brand B,2712.3165792383115,0.0,1364.3658770829156,1347.950702155396
2026-03-12 18:00:00,Main Bar,Brand C,3930.131919273006,0.0,647.203174641691,3282.928744631315
2026-03-12 18:00:00,Pool Bar,Brand A,2192.4682181630646,4000.0,1259.1383606828358,4933.329857480229
2026-03-12 18:00:00,Pool Bar,Brand B,1981.0063520645867,0.0,836.4511188175502,1144.5552332470365
2026-03-12 18:00:00,Pool Bar,Brand C,2342.5510974655244,0.0,424.2227984586411,1918.3282990068833
2026-03-13 18:00:00,Main Bar,Brand A,2783.168856146255,4000.0,3627.646445115951,3155.5224110303043
2026-03-13 18:00:00,Main Bar,Brand B,1347.950702155396,4000.0,2286.690093661893,3061.2606084935032
2026-03-13 18:00:00,Main Bar,Brand C,3282.928744631315,0.0,831.9829308928532,2450.9458137384618
2026-03-13 18:00:00,Pool Bar,Brand A,4933.329857480229,0.0,2331.2064516206187,2602.1234058596106
2026-03-13 18:00:00,Pool Bar,Brand B,1144.5552332470365,4000.0,1153.9251454914247,3990.6300877556114
2026-03-13 18:00:00,Pool Bar,Brand C,1918.3282990068833,0.0,641.6781903693505,1276.6501086375329
2026-03-14 18:00:00,Main Bar,Brand A,3155.5224110303043,4000.0,3380.8931242184403,3774.629286811864
2026-03-14 18:00:00,Main Bar,Brand B,3061.2606084935032,0.0,1732.628691167785,1328.6319173257182
2026-03-14 18:00:00,Main Bar,Brand C,2450.9458137384618,0.0,998.337383392931,1452.608430345531
2026-03-14 18:00:00,Pool Bar,Brand A,2602.1234058596106,4000.0,2067.779811818495,4534.343594041116
2026-03-14 18:00:00,Pool Bar,Brand B,3990.6300877556114,0.0,1232.9615628137255,2757.668524941886
2026-03-14 18:00:00,Pool Bar,Brand C,1276.6501086375329,4000.0,530.4778263871424,4746.172282250391
2026-03-15 18:00:00,Main Bar,Brand A,3774.629286811864,0.0,2357.2692149544855,1417.3600718573784
2026-03-15 18:00:00,Main Bar,Brand B,1328.6319173257182,4000.0,1561.7509087484068,3766.881008577311
2026-03-15 18:00:00,Main Bar,Brand C,1452.608430345531,4000.0,676.3744074525788,4776.234022892952
2026-03-15 18:00:00,Pool Bar,Brand A,4534.343594041116,0.0,1736.766768602575,2797.576825438541
2026-03-15 18:00:00,Pool Bar,Brand B,2757.668524941886,0.0,1031.4598092128997,1726.2087157289864
2026-03-15 18:00:00,Pool Bar,Brand C,4746.172282250391,0.0,545.087639198028,4201.0846430523625
2026-03-16 18:00:00,Main Bar,Brand A,1417.3600718573784,4000.0,2439.5044561718037,2977.8556156855743
2026-03-16 18:00:00,Main Bar,Brand B,3766.881008577311,0.0,1264.6101805720657,2502.2708280052457
2026-03-16 18:00:00,Main Bar,Brand C,4776.234022892952,0.0,766.8400139931828,4009.3940088997697
2026-03-16 18:00:00,Pool Bar,Brand A,2797.576825438541,0.0,1562.4871225663248,1235.0897028722163
2026-03-16 18:00:00,Pool Bar,Brand B,1726.2087157289864,4000.0,1148.8764213540708,4577.332294374915
2026-03-16 18:00:00,Pool Bar,Brand C,4201.0846430523625,0.0,477.6031521491379,3723.4814909032248
2026-03-17 18:00:00,Main Bar,Brand A,2977.8556156855743,4000.0,2495.379692026317,4482.475923659256
2026-03-17 18:00:00,Main Bar,Brand B,2502.2708280052457,4000.0,1549.4090394712218,4952.861788534024
2026-03-17 18:00:00,Main Bar,Brand C,4009.3940088997697,0.0,830.4729043290936,3178.921104570676
2026-03-17 18:00:00,Pool Bar,Brand A,1235.0897028722163,4000.0,2198.322859670191,3036.7668432020255
2026-03-17 18:00:00,Pool Bar,Brand B,4577.332294374915,0.0,985.8234570807135,3591.508837294202
2026-03-17 18:00:00,Pool Bar,Brand C,3723.4814909032248,0.0,461.53372271882944,3261.9477681843955
2026-03-18 18:00:00,Main Bar,Brand A,4482.475923659256,0.0,2814.127401571126,1668.3485220881303
2026-03-18 18:00:00,Main Bar,Brand B,4952.861788534024,0.0,1363.0768788882935,3589.7849096457303
2026-03-18 18:00:00,Main Bar,Brand C,3178.921104570676,0.0,713.9810668285144,2464.9400377421616
2026-03-18 18:00:00,Pool Bar,Brand A,3036.7668432020255,0.0,1643.172208140182,1393.5946350618435
2026-03-18 18:00:00,Pool Bar,Brand B,3591.508837294202,0.0,1023.9696809873784,2567.5391563068233
2026-03-18 18:00:00,Pool Bar,Brand C,3261.9477681843955,0.0,389.9974459716428,2871.950322212753
2026-03-19 18:00:00,Main Bar,Brand A,1668.3485220881303,4000.0,2110.3541817664322,3557.994340321698
2026-03-19 18:00:00,Main Bar,Brand B,3589.7849096457303,0.0,1171.6145839853582,2418.1703256603723
2026-03-19 18:00:00,Main Bar,Brand C,2464.9400377421616,0.0,609.5483438647482,1855.3916938774134
2026-03-19 18:00:00,Pool Bar,Brand A,1393.5946350618435,4000.0,1528.909724776016,3864.6849102858273
2026-03-19 18:00:00,Pool Bar,Brand B,2567.5391563068233,0.0,929.2621124827931,1638.2770438240302
2026-03-19 18:00:00,Pool Bar,Brand C,2871.950322212753,0.0,589.4806436949252,2282.4696785178276
2026-03-20 18:00:00,Main Bar,Brand A,3557.994340321698,4000.0,3707.4822496555266,3850.512090666172
2026-03-20 18:00:00,Main Bar,Brand B,2418.1703256603723,4000.0,1868.1637858507058,4550.006539809667
2026-03-20 18:00:00,Main Bar,Brand C,1855.3916938774134,4000.0,956.5350085764691,4898.856685300944
2026-03-20 18:00:00,Pool Bar,Brand A,3864.6849102858273,0.0,2120.031345603514,1744.6535646823131
2026-03-20 18:00:00,Pool Bar,Brand B,1638.2770438240302,4000.0,1271.889241265745,4366.387802558285
2026-03-20 18:00:00,Pool Bar,Brand C,2282.4696785178276,0.0,620.8434467579075,1661.62623175992
2026-03-21 18:00:00,Main Bar,Brand A,3850.512090666172,4000.0,3578.9611748815037,4271.550915784668
2026-03-21 18:00:00,Main Bar,Brand B,4550.006539809667,0.0,1965.3256765140934,2584.6808632955735
2026-03-21 18:00:00,Main Bar,Brand C,4898.856685300944,0.0,1008.0973103568739,3890.7593749440703
2026-03-21 18:00:00,Pool Bar,Brand A,1744.6535646823131,4000.0,1926.0283082984054,3818.625256383908
2026-03-21 18:00:00,Pool Bar,Brand B,4366.387802558285,0.0,1317.2388937285139,3049.1489088297712
2026-03-21 18:00:00,Pool Bar,Brand C,1661.62623175992,4000.0,794.5325083148999,4867.09372344502
2026-03-22 18:00:00,Main Bar,Brand A,4271.550915784668,0.0,2588.8930520530726,1682.6578637315956
2026-03-22 18:00:00,Main Bar,Brand B,2584.6808632955735,4000.0,1718.5814630305626,4866.099400265011
2026-03-22 18:00:00,Main Bar,Brand C,3890.7593749440703,0.0,696.5894528284709,3194.1699221155995
2026-03-22 18:00:00,Pool Bar,Brand A,3818.625256383908,0.0,1803.3251531670662,2015.3001032168418
2026-03-22 18:00:00,Pool Bar,Brand B,3049.1489088297712,0.0,966.1418216747401,2083.007087155031
2026-03-22 18:00:00,Pool Bar,Brand C,4867.09372344502,0.0,437.73065415617725,4429.363069288843
2026-03-23 18:00:00,Main Bar,Brand A,1682.6578637315956,4000.0,2324.2166472644894,3358.4412164671066
2026-03-23 18:00:00,Main Bar,Brand B,4866.099400265011,0.0,1562.127011997378,3303.9723882676335
2026-03-23 18:00:00,Main Bar,Brand C,3194.1699221155995,0.0,628.6893223786248,2565.480599736975
2026-03-23 18:00:00,Pool Bar,Brand A,2015.3001032168418,4000.0,1825.7145023867454,4189.585600830096
2026-03-23 18:00:00,Pool Bar,Brand B,2083.007087155031,4000.0,1144.304772693562,4938.702314461469
2026-03-23 18:00:00,Pool Bar,Brand C,4429.363069288843,0.0,476.3902613210806,3952.972807967762
2026-03-24 18:00:00,Main Bar,Brand A,3358.4412164671066,4000.0,2454.4303343412976,4904.010882125809
2026-03-24 18:00:00,Main Bar,Brand B,3303.9723882676335,0.0,1565.8186303721563,1738.1537578954772
2026-03-24 18:00:00,Main Bar,Brand C,2565.480599736975,0.0,667.7755400006583,1897.7050597363166
2026-03-24 18:00:00,Pool Bar,Brand A,4189.585600830096,0.0,1896.9844411227994,2292.6011597072966
2026-03-24 18:00:00,Pool Bar,Brand B,4938.702314461469,0.0,689.3006508624408,4249.401663599028
2026-03-24 18:00:00,Pool Bar,Brand C,3952.972807967762,0.0,425.8362694954575,3527.1365384723044
2026-03-25 18:00:00,Main Bar,Brand A,4904.010882125809,0.0,2004.4256332872646,2899.5852488385444
2026-03-25 18:00:00,Main Bar,Brand B,1738.1537578954772,4000.0,1261.7705104845559,4476.383247410922
2026-03-25 18:00:00,Main Bar,Brand C,1897.7050597363166,0.0,788.1980805466014,1109.5069791897151
2026-03-25 18:00:00,Pool Bar,Brand A,2292.6011597072966,4000.0,1886.328835240525,4406.272324466771
2026-03-25 18:00:00,Pool Bar,Brand B,4249.401663599028,0.0,862.7610836075727,3386.6405799914555
2026-03-25 18:00:00,Pool Bar,Brand C,3527.1365384723044,0.0,341.81975116505544,3185.316787307249
2026-03-26 18:00:00,Main Bar,Brand A,2899.5852488385444,0.0,1747.364386809804,1152.2208620287404
2026-03-26 18:00:00,Main Bar,Brand B,4476.383247410922,0.0,1410.2147007625088,3066.168546648413
2026-03-26 18:00:00,Main Bar,Brand C,1109.5069791897151,4000.0,864.2698808818129,4245.237098307902
2026-03-26 18:00:00,Pool Bar,Brand A,4406.272324466771,0.0,1764.809447666403,2641.4628768003686
2026-03-26 18:00:00,Pool Bar,Brand B,3386.6405799914555,0.0,887.7067233762797,2498.933856615176
2026-03-26 18:00:00,Pool Bar,Brand C,3185.316787307249,0.0,483.48577508402207,2701.831012223227
2026-03-27 18:00:00,Main Bar,Brand A,1152.2208620287404,4000.0,3003.406994809467,2148.813867219273
2026-03-27 18:00:00,Main Bar,Brand B,3066.168546648413,0.0,1971.8675554191686,1094.3009912292446
2026-03-27 18:00:00,Main Bar,Brand C,4245.237098307902,0.0,938.6623780571333,3306.574720250768
2026-03-27 18:00:00,Pool Bar,Brand A,2641.4628768003686,4000.0,2204.7694279192433,4436.693448881126
2026-03-27 18:00:00,Pool Bar,Brand B,2498.933856615176,0.0,1439.6157549836526,1059.3181016315234
2026-03-27 18:00:00,Pool Bar,Brand C,2701.831012223227,0.0,632.3144562889958,2069.5165559342313
2026-03-28 18:00:00,Main Bar,Brand A,2148.813867219273,4000.0,3591.938068780511,2556.8757984387616
2026-03-28 18:00:00,Main Bar,Brand B,1094.3009912292446,4000.0,1910.8639239720012,3183.437067257243
2026-03-28 18:00:00,Main Bar,Brand C,3306.574720250768,0.0,996.1427094055596,2310.4320108452084
2026-03-28 18:00:00,Pool Bar,Brand A,4436.693448881126,0.0,2657.5393541727335,1779.1540947083922
2026-03-28 18:00:00,Pool Bar,Brand B,1059.3181016315234,4000.0,1164.9066749343797,3894.4114266971433
2026-03-28 18:00:00,Pool Bar,Brand C,2069.5165559342313,0.0,543.5859127885517,1525.9306431456796
2026-03-29 18:00:00,Main Bar,Brand A,2556.8757984387616,4000.0,2882.6470647885417,3674.2287336502195
2026-03-29 18:00:00,Main Bar,Brand B,3183.437067257243,0.0,1465.1503380755703,1718.2867291816729
2026-03-29 18:00:00,Main Bar,Brand C,2310.4320108452084,0.0,791.0751402287921,1519.3568706164165
2026-03-29 18:00:00,Pool Bar,Brand A,1779.1540947083922,4000.0,1533.1705720604634,4245.983522647929
2026-03-29 18:00:00,Pool Bar,Brand B,3894.4114266971433,0.0,1201.987109898231,2692.4243167989125
2026-03-29 18:00:00,Pool Bar,Brand C,1525.9306431456796,0.0,459.46697880999255,1066.463664335687
2026-03-30 18:00:00,Main Bar,Brand A,3674.2287336502195,0.0,2598.1724093571916,1076.056324293028
2026-03-30 18:00:00,Main Bar,Brand B,1718.2867291816729,4000.0,1739.096011380505,3979.190717801168
2026-03-30 18:00:00,Main Bar,Brand C,1519.3568706164165,4000.0,663.9525256240197,4855.4043449923975
2026-03-30 18:00:00,Pool Bar,Brand A,4245.983522647929,0.0,1401.543766675811,2844.4397559721183
2026-03-30 18:00:00,Pool Bar,Brand B,2692.4243167989125,0.0,905.0239835475767,1787.4003332513357
2026-03-30 18:00:00,Pool Bar,Brand C,1066.463664335687,4000.0,482.568044446306,4583.895619889381
2026-03-31 18:00:00,Main Bar,Brand A,1076.056324293028,4000.0,2116.6396049443442,2959.4167193486833
2026-03-31 18:00:00,Main Bar,Brand B,3979.190717801168,0.0,1594.4454608135748,2384.745256987593
2026-03-31 18:00:00,Main Bar,Brand C,4855.4043449923975,0.0,651.2084651315225,4204.195879860875
2026-03-31 18:00:00,Pool Bar,Brand A,2844.4397559721183,4000.0,1953.0225424336609,4891.417213538458
2026-03-31 18:00:00,Pool Bar,Brand B,1787.4003332513357,0.0,601.4953924355264,1185.9049408158094
2026-03-31 18:00:00,Pool Bar,Brand C,4583.895619889381,0.0,393.3672641924999,4190.528355696882
2026-04-01 18:00:00,Main Bar,Brand A,2959.4167193486833,4000.0,2084.7724080741973,4874.6443112744855
2026-04-01 18:00:00,Main Bar,Brand B,2384.745256987593,0.0,1366.1082032472232,1018.63705374037
2026-04-01 18:00:00,Main Bar,Brand C,4204.195879860875,0.0,707.831944879844,3496.363934981031
2026-04-01 18:00:00,Pool Bar,Brand A,4891.417213538458,0.0,1602.6841708812647,3288.7330426571934
2026-04-01 18:00:00,Pool Bar,Brand B,1185.9049408158094,4000.0,935.4730992441097,4250.4318415717
2026-04-01 18:00:00,Pool Bar,Brand C,4190.528355696882,0.0,438.53868926063564,3751.989666436246
2026-04-02 18:00:00,Main Bar,Brand A,4874.6443112744855,0.0,2583.694495523665,2290.9498157508206
2026-04-02 18:00:00,Main Bar,Brand B,1018.63705374037,4000.0,1337.668377456875,3680.968676283495
2026-04-02 18:00:00,Main Bar,Brand C,3496.363934981031,0.0,740.8931741447317,2755.470760836299
2026-04-02 18:00:00,Pool Bar,Brand A,3288.7330426571934,0.0,1824.9438161817677,1463.7892264754257
2026-04-02 18:00:00,Pool Bar,Brand B,4250.4318415717,0.0,1035.0659182743518,3215.3659232973478
2026-04-02 18:00:00,Pool Bar,Brand C,3751.989666436246,0.0,490.0704078780909,3261.919258558155
2026-04-03 18:00:00,Main Bar,Brand A,2290.9498157508206,4000.0,3493.754352213486,2797.1954635373345
2026-04-03 18:00:00,Main Bar,Brand B,3680.968676283495,0.0,2335.721435226046,1345.2472410574487
2026-04-03 18:00:00,Main Bar,Brand C,2755.470760836299,0.0,925.2292196842194,1830.2415411520797
2026-04-03 18:00:00,Pool Bar,Brand A,1463.7892264754257,4000.0,2146.430030359672,3317.3591961157535
2026-04-03 18:00:00,Pool Bar,Brand B,3215.3659232973478,0.0,1198.699697464249,2016.6662258330987
2026-04-03 18:00:00,Pool Bar,Brand C,3261.919258558155,0.0,533.1770877183958,2728.742170839759
2026-04-04 18:00:00,Main Bar,Brand A,2797.1954635373345,4000.0,3086.9594480733163,3710.2360154640187
2026-04-04 18:00:00,Main Bar,Brand B,1345.2472410574487,4000.0,1879.5976191359764,3465.649621921472
2026-04-04 18:00:00,Main Bar,Brand C,1830.2415411520797,4000.0,926.411012521051,4903.830528631029
2026-04-04 18:00:00,Pool Bar,Brand A,3317.3591961157535,0.0,2315.753913923397,1001.6052821923568
2026-04-04 18:00:00,Pool Bar,Brand B,2016.6662258330987,4000.0,1324.2281611341373,4692.438064698961
2026-04-04 18:00:00,Pool Bar,Brand C,2728.742170839759,0.0,552.3814600250606,2176.3607108146985
2026-04-05 18:00:00,Main Bar,Brand A,3710.2360154640187,4000.0,2767.6487249012703,4942.587290562749
2026-04-05 18:00:00,Main Bar,Brand B,3465.649621921472,0.0,1610.3483768789476,1855.3012450425242
2026-04-05 18:00:00,Main Bar,Brand C,4903.830528631029,0.0,678.5053218656147,4225.325206765414
2026-04-05 18:00:00,Pool Bar,Brand A,1001.6052821923568,4000.0,1477.630137808516,3523.9751443838404
2026-04-05 18:00:00,Pool Bar,Brand B,4692.438064698961,0.0,1060.5547556494487,3631.8833090495127
2026-04-05 18:00:00,Pool Bar,Brand C,2176.3607108146985,0.0,463.53409829899954,1712.8266125156988
2026-04-06 18:00:00,Main Bar,Brand A,4942.587290562749,0.0,2147.6944035144274,2794.892887048322
2026-04-06 18:00:00,Main Bar,Brand B,1855.3012450425242,4000.0,1484.3950800664327,4370.9061649760915
2026-04-06 18:00:00,Main Bar,Brand C,4225.325206765414,0.0,708.8665784693554,3516.4586282960586
2026-04-06 18:00:00,Pool Bar,Brand A,3523.9751443838404,0.0,1412.480576367233,2111.4945680166074
2026-04-06 18:00:00,Pool Bar,Brand B,3631.8833090495127,0.0,1004.6155692826411,2627.2677397668717
2026-04-06 18:00:00,Pool Bar,Brand C,1712.8266125156988,0.0,345.2527810614392,1367.5738314542596
2026-04-07 18:00:00,Main Bar,Brand A,2794.892887048322,4000.0,2882.753130403213,3912.1397566451083
2026-04-07 18:00:00,Main Bar,Brand B,4370.9061649760915,0.0,1689.6801976692711,2681.22596730682
2026-04-07 18:00:00,Main Bar,Brand C,3516.4586282960586,0.0,671.8187519301865,2844.639876365872
2026-04-07 18:00:00,Pool Bar,Brand A,2111.4945680166074,4000.0,1745.9519451895153,4365.542622827092
2026-04-07 18:00:00,Pool Bar,Brand B,2627.2677397668717,0.0,599.0521733352195,2028.2155664316522
2026-04-07 18:00:00,Pool Bar,Brand C,1367.5738314542596,0.0,366.742968460896,1000.8308629933636
2026-04-08 18:00:00,Main Bar,Brand A,3912.1397566451083,0.0,2452.4423650798376,1459.6973915652707
2026-04-08 18:00:00,Main Bar,Brand B,2681.22596730682,0.0,1327.7472486574097,1353.4787186494104
2026-04-08 18:00:00,Main Bar,Brand C,2844.639876365872,0.0,741.4365467494074,2103.2033296164645
2026-04-08 18:00:00,Pool Bar,Brand A,4365.542622827092,0.0,2177.28628411747,2188.2563387096216
2026-04-08 18:00:00,Pool Bar,Brand B,2028.2155664316522,0.0,791.4481037690289,1236.7674626626233
2026-04-08 18:00:00,Pool Bar,Brand C,1000.8308629933636,4000.0,389.70263490586615,4611.1282280874975
2026-04-09 18:00:00,Main Bar,Brand A,1459.6973915652707,4000.0,2592.1583692338218,2867.539022331449
2026-04-09 18:00:00,Main Bar,Brand B,1353.4787186494104,4000.0,1746.3341191659406,3607.14459948347
2026-04-09 18:00:00,Main Bar,Brand C,2103.2033296164645,0.0,601.989049497127,1501.2142801193377
2026-04-09 18:00:00,Pool Bar,Brand A,2188.2563387096216,4000.0,1715.7455362890328,4472.510802420589
2026-04-09 18:00:00,Pool Bar,Brand B,1236.7674626626233,4000.0,1259.122620726845,3977.644841935778
2026-04-09 18:00:00,Pool Bar,Brand C,4611.1282280874975,0.0,331.07334133109276,4280.054886756405
2026-04-10 18:00:00,Main Bar,Brand A,2867.539022331449,4000.0,3077.2977293927,3790.2412929387488
2026-04-10 18:00:00,Main Bar,Brand B,3607.14459948347,0.0,1952.167369392109,1654.9772300913608
2026-04-10 18:00:00,Main Bar,Brand C,1501.2142801193377,4000.0,894.0176342744105,4607.196645844927
2026-04-10 18:00:00,Pool Bar,Brand A,4472.510802420589,0.0,2442.026739966962,2030.4840624536273
2026-04-10 18:00:00,Pool Bar,Brand B,3977.644841935778,0.0,1353.9489162920509,2623.695925643727
2026-04-10 18:00:00,Pool Bar,Brand C,4280.054886756405,0.0,479.7027317057668,3800.352155050638
2026-04-11 18:00:00,Main Bar,Brand A,3790.2412929387488,4000.0,3551.5683463658143,4238.672946572934
2026-04-11 18:00:00,Main Bar,Brand B,1654.9772300913608,4000.0,1928.1539335725183,3726.8232965188427
2026-04-11 18:00:00,Main Bar,Brand C,4607.196645844927,0.0,1023.2601996197693,3583.936446225158
2026-04-11 18:00:00,Pool Bar,Brand A,2030.4840624536273,4000.0,2061.816890380653,3968.667172072974
2026-04-11 18:00:00,Pool Bar,Brand B,2623.695925643727,0.0,1216.9380158360511,1406.757909807676
2026-04-11 18:00:00,Pool Bar,Brand C,3800.352155050638,0.0,646.4614759779263,3153.8906790727115
2026-04-12 18:00:00,Main Bar,Brand A,4238.672946572934,0.0,2731.412591336951,1507.2603552359828
2026-04-12 18:00:00,Main Bar,Brand B,3726.8232965188427,0.0,1564.9035007740476,2161.919795744795
2026-04-12 18:00:00,Main Bar,Brand C,3583.936446225158,0.0,568.6369931482939,3015.2994530768638
2026-04-12 18:00:00,Pool Bar,Brand A,3968.667172072974,0.0,1792.0410921410582,2176.626079931916
2026-04-12 18:00:00,Pool Bar,Brand B,1406.757909807676,4000.0,813.6479439387938,4593.109965868882
2026-04-12 18:00:00,Pool Bar,Brand C,3153.8906790727115,0.0,466.939880034355,2686.9507990383563
2026-04-13 18:00:00,Main Bar,Brand A,1507.2603552359828,4000.0,2154.134109054648,3353.1262461813353
2026-04-13 18:00:00,Main Bar,Brand B,2161.919795744795,4000.0,1564.6262550167178,4597.2935407280775
2026-04-13 18:00:00,Main Bar,Brand C,3015.2994530768638,0.0,631.9248788898692,2383.3745741869943
2026-04-13 18:00:00,Pool Bar,Brand A,2176.626079931916,4000.0,1311.3844523312223,4865.241627600693
2026-04-13 18:00:00,Pool Bar,Brand B,4593.109965868882,0.0,1086.3559412912543,3506.754024577627
2026-04-13 18:00:00,Pool Bar,Brand C,2686.9507990383563,0.0,467.3984055607261,2219.55239347763
2026-04-14 18:00:00,Main Bar,Brand A,3353.1262461813353,4000.0,2367.910124432275,4985.216121749059
2026-04-14 18:00:00,Main Bar,Brand B,4597.2935407280775,0.0,1721.3839004472857,2875.909640280792
2026-04-14 18:00:00,Main Bar,Brand C,2383.3745741869943,0.0,658.2730256469786,1725.1015485400158
2026-04-14 18:00:00,Pool Bar,Brand A,4865.241627600693,0.0,1658.4764259283268,3206.765201672367
2026-04-14 18:00:00,Pool Bar,Brand B,3506.754024577627,0.0,1016.9504978378618,2489.8035267397654
2026-04-14 18:00:00,Pool Bar,Brand C,2219.55239347763,0.0,405.3840527427398,1814.1683407348903
2026-04-15 18:00:00,Main Bar,Brand A,4985.216121749059,0.0,2654.3799814575814,2330.836140291478
2026-04-15 18:00:00,Main Bar,Brand B,2875.909640280792,0.0,1411.7814338423027,1464.128206438489
2026-04-15 18:00:00,Main Bar,Brand C,1725.1015485400158,0.0,660.362040800433,1064.7395077395827
2026-04-15 18:00:00,Pool Bar,Brand A,3206.765201672367,0.0,2009.737656908082,1197.0275447642848
2026-04-15 18:00:00,Pool Bar,Brand B,2489.8035267397654,0.0,812.6685758080605,1677.134950931705
2026-04-15 18:00:00,Pool Bar,Brand C,1814.1683407348903,0.0,276.2798161730767,1537.8885245618135
2026-04-16 18:00:00,Main Bar,Brand A,2330.836140291478,4000.0,2955.28736668314,3375.548773608338
2026-04-16 18:00:00,Main Bar,Brand B,1464.128206438489,4000.0,1892.6951606066923,3571.4330458317963
2026-04-16 18:00:00,Main Bar,Brand C,1064.7395077395827,4000.0,660.820612887648,4403.918894851935
2026-04-16 18:00:00,Pool Bar,Brand A,1197.0275447642848,4000.0,1138.674757276271,4058.352787488014
2026-04-16 18:00:00,Pool Bar,Brand B,1677.134950931705,4000.0,926.5644997134327,4750.570451218273
2026-04-16 18:00:00,Pool Bar,Brand C,1537.8885245618135,0.0,429.39194761147183,1108.4965769503417
2026-04-17 18:00:00,Main Bar,Brand A,3375.548773608338,4000.0,3365.360105970124,4010.1886676382137
2026-04-17 18:00:00,Main Bar,Brand B,3571.4330458317963,0.0,1844.5614654601914,1726.871580371605
2026-04-17 18:00:00,Main Bar,Brand C,4403.918894851935,0.0,973.2284022583065,3430.6904925936287
2026-04-17 18:00:00,Pool Bar,Brand A,4058.352787488014,0.0,2365.9699470755268,1692.3828404124874
2026-04-17 18:00:00,Pool Bar,Brand B,4750.570451218273,0.0,1083.1227233081881,3667.4477279100847
2026-04-17 18:00:00,Pool Bar,Brand C,1108.4965769503417,4000.0,657.8421646820319,4450.65441226831
2026-04-18 18:00:00,Main Bar,Brand A,4010.1886676382137,4000.0,3957.4088352337153,4052.7798324044984
2026-04-18 18:00:00,Main Bar,Brand B,1726.871580371605,4000.0,2045.0758118601811,3681.795768511424
2026-04-18 18:00:00,Main Bar,Brand C,3430.6904925936287,0.0,907.2125883310676,2523.477904262561
2026-04-18 18:00:00,Pool Bar,Brand A,1692.3828404124874,4000.0,2190.0111513964143,3502.3716890160727
2026-04-18 18:00:00,Pool Bar,Brand B,3667.4477279100847,0.0,1412.2300556470955,2255.2176722629893
2026-04-18 18:00:00,Pool Bar,Brand C,4450.65441226831,0.0,482.8916444034803,3967.7627678648296
2026-04-19 18:00:00,Main Bar,Brand A,4052.7798324044984,0.0,2573.3991455860078,1479.3806868184906
2026-04-19 18:00:00,Main Bar,Brand B,3681.795768511424,0.0,1434.0876238838014,2247.7081446276225
2026-04-19 18:00:00,Main Bar,Brand C,2523.477904262561,0.0,823.0434009328353,1700.4345033297257
2026-04-19 18:00:00,Pool Bar,Brand A,3502.3716890160727,0.0,1604.018398275491,1898.3532907405815
2026-04-19 18:00:00,Pool Bar,Brand B,2255.2176722629893,0.0,1235.190467334645,1020.0272049283442
2026-04-19 18:00:00,Pool Bar,Brand C,3967.7627678648296,0.0,370.53066975969546,3597.2320981051344
2026-04-20 18:00:00,Main Bar,Brand A,1479.3806868184906,4000.0,2685.036420035937,2794.344266782554
2026-04-20 18:00:00,Main Bar,Brand B,2247.7081446276225,4000.0,1544.8264411514315,4702.8817034761905
2026-04-20 18:00:00,Main Bar,Brand C,1700.4345033297257,0.0,627.4285981537357,1073.00590517599
2026-04-20 18:00:00,Pool Bar,Brand A,1898.3532907405815,4000.0,1696.8325742641523,4201.520716476429
2026-04-20 18:00:00,Pool Bar,Brand B,1020.0272049283442,4000.0,1164.1529385457297,3855.874266382614
2026-04-20 18:00:00,Pool Bar,Brand C,3597.2320981051344,0.0,426.6869972913648,3170.5451008137697
2026-04-21 18:00:00,Main Bar,Brand A,2794.344266782554,4000.0,2083.3218606191826,4711.022406163371
2026-04-21 18:00:00,Main Bar,Brand B,4702.8817034761905,0.0,1492.2601990695182,3210.621504406672
2026-04-21 18:00:00,Main Bar,Brand C,1073.00590517599,4000.0,625.0255371749391,4447.980368001051
2026-04-21 18:00:00,Pool Bar,Brand A,4201.520716476429,0.0,1559.621992192735,2641.898724283694
2026-04-21 18:00:00,Pool Bar,Brand B,3855.874266382614,0.0,962.2723079291211,2893.6019584534934
2026-04-21 18:00:00,Pool Bar,Brand C,3170.5451008137697,0.0,327.1930404468828,2843.352060366887
2026-04-22 18:00:00,Main Bar,Brand A,4711.022406163371,0.0,2103.466198419341,2607.55620774403
2026-04-22 18:00:00,Main Bar,Brand B,3210.621504406672,0.0,1570.2024263419817,1640.4190780646904
2026-04-22 18:00:00,Main Bar,Brand C,4447.980368001051,0.0,652.364253875783,3795.616114125268
2026-04-22 18:00:00,Pool Bar,Brand A,2641.898724283694,0.0,972.9074937593703,1668.9912305243236
2026-04-22 18:00:00,Pool Bar,Brand B,2893.6019584534934,0.0,1097.435669710869,1796.1662887426244
2026-04-22 18:00:00,Pool Bar,Brand C,2843.352060366887,0.0,469.6106223797453,2373.741437987142
2026-04-23 18:00:00,Main Bar,Brand A,2607.55620774403,4000.0,2341.5370464543685,4266.0191612896615
2026-04-23 18:00:00,Main Bar,Brand B,1640.4190780646904,4000.0,1289.574487074914,4350.844590989776
2026-04-23 18:00:00,Main Bar,Brand C,3795.616114125268,0.0,750.1781685346323,3045.4379455906355
2026-04-23 18:00:00,Pool Bar,Brand A,1668.9912305243236,4000.0,1742.2285643559535,3926.76266616837
2026-04-23 18:00:00,Pool Bar,Brand B,1796.1662887426244,4000.0,1346.6859560987155,4449.480332643909
2026-04-23 18:00:00,Pool Bar,Brand C,2373.741437987142,0.0,480.2535791081955,1893.4878588789466
2026-04-24 18:00:00,Main Bar,Brand A,4266.0191612896615,4000.0,3517.8536292931717,4748.16553199649
2026-04-24 18:00:00,Main Bar,Brand B,4350.844590989776,0.0,1992.2092429030636,2358.635348086713
2026-04-24 18:00:00,Main Bar,Brand C,3045.4379455906355,0.0,990.307862438457,2055.1300831521785
2026-04-24 18:00:00,Pool Bar,Brand A,3926.76266616837,0.0,2392.5224931295124,1534.2401730388574
2026-04-24 18:00:00,Pool Bar,Brand B,4449.480332643909,0.0,1511.5191013361705,2937.961231307738
2026-04-24 18:00:00,Pool Bar,Brand C,1893.4878588789466,0.0,569.9647498581155,1323.523109020831
2026-04-25 18:00:00,Main Bar,Brand A,4748.16553199649,0.0,3300.552427142794,1447.6131048536963
2026-04-25 18:00:00,Main Bar,Brand B,2358.635348086713,4000.0,1943.509905337731,4415.125442748982
2026-04-25 18:00:00,Main Bar,Brand C,2055.1300831521785,0.0,988.4377239248873,1066.692359227291
2026-04-25 18:00:00,Pool Bar,Brand A,1534.2401730388574,4000.0,2623.0708522383375,2911.16932080052
2026-04-25 18:00:00,Pool Bar,Brand B,2937.961231307738,0.0,1244.6708830687091,1693.290348239029
2026-04-25 18:00:00,Pool Bar,Brand C,1323.523109020831,4000.0,576.9162915988975,4746.606817421934
2026-04-26 18:00:00,Main Bar,Brand A,1447.6131048536963,4000.0,2612.916387101627,2834.696717752069
2026-04-26 18:00:00,Main Bar,Brand B,4415.125442748982,0.0,1456.661205997987,2958.464236750995
2026-04-26 18:00:00,Main Bar,Brand C,1066.692359227291,4000.0,758.547863026072,4308.144496201218
2026-04-26 18:00:00,Pool Bar,Brand A,2911.16932080052,0.0,1055.5307952765716,1855.6385255239484
2026-04-26 18:00:00,Pool Bar,Brand B,1693.290348239029,4000.0,846.0340126809645,4847.256335558065
2026-04-26 18:00:00,Pool Bar,Brand C,4746.606817421934,0.0,393.6660239547759,4352.940793467158
2026-04-27 18:00:00,Main Bar,Brand A,2834.696717752069,4000.0,1917.4260127300577,4917.2707050220115
2026-04-27 18:00:00,Main Bar,Brand B,2958.464236750995,0.0,1344.6724026784664,1613.7918340725287
2026-04-27 18:00:00,Main Bar,Brand C,4308.144496201218,0.0,624.1087596590933,3684.035736542125
2026-04-27 18:00:00,Pool Bar,Brand A,1855.6385255239484,4000.0,1596.9083712070287,4258.73015431692
2026-04-27 18:00:00,Pool Bar,Brand B,4847.256335558065,0.0,1148.622679099001,3698.633656459064
2026-04-27 18:00:00,Pool Bar,Brand C,4352.940793467158,0.0,432.35563311426944,3920.5851603528886
2026-04-28 18:00:00,Main Bar,Brand A,4917.2707050220115,0.0,2257.8651778484154,2659.405527173596
2026-04-28 18:00:00,Main Bar,Brand B,1613.7918340725287,4000.0,1486.1150915706892,4127.676742501839
2026-04-28 18:00:00,Main Bar,Brand C,3684.035736542125,0.0,765.5405007437771,2918.495235798348
2026-04-28 18:00:00,Pool Bar,Brand A,4258.73015431692,0.0,1392.346872545665,2866.3832817712546
2026-04-28 18:00:00,Pool Bar,Brand B,3698.633656459064,0.0,832.950318108254,2865.6833383508097
2026-04-28 18:00:00,Pool Bar,Brand C,3920.5851603528886,0.0,490.21552506774407,3430.3696352851443
2026-04-29 18:00:00,Main Bar,Brand A,2659.405527173596,4000.0,2471.5144654470687,4187.891061726527
2026-04-29 18:00:00,Main Bar,Brand B,4127.676742501839,0.0,1596.0076117506778,2531.669130751161
2026-04-29 18:00:00,Main Bar,Brand C,2918.495235798348,0.0,689.0174309907386,2229.4778048076096
2026-04-29 18:00:00,Pool Bar,Brand A,2866.3832817712546,0.0,1835.2392030956457,1031.1440786756089
2026-04-29 18:00:00,Pool Bar,Brand B,2865.6833383508097,0.0,813.52781420966,2052.1555241411497
2026-04-29 18:00:00,Pool Bar,Brand C,3430.3696352851443,0.0,449.12990514324474,2981.2397301418996
2026-04-30 18:00:00,Main Bar,Brand A,4187.891061726527,0.0,2474.3778362081266,1713.5132255184008
2026-04-30 18:00:00,Main Bar,Brand B,2531.669130751161,0.0,1305.3210158397553,1226.3481149114057
2026-04-30 18:00:00,Main Bar,Brand C,2229.4778048076096,0.0,577.4295877534544,1652.0482170541552
2026-04-30 18:00:00,Pool Bar,Brand A,1031.1440786756089,4000.0,1831.0377453125107,3200.1063333630977
2026-04-30 18:00:00,Pool Bar,Brand B,2052.1555241411497,0.0,920.2514283739954,1131.9040957671543
2026-04-30 18:00:00,Pool Bar,Brand C,2981.2397301418996,0.0,376.3958197213923,2604.843910420507
